"id","title","final_price","rating","rating_count","seller"
1,"AMD Ryzen 7 9800X3D - Ryzen 7 9000 Series Zen 5 8-Core 5.2 GHz - Socket AM5 120W - AMD Radeon Graphics Desktop Processor - 100-100001084WOF","499.0","4.8",352,"AMD"
2,"SAMSUNG 990 PRO 2TB SSD, PCIe Gen4 M.2 2280, Seq. Read Speeds Up-to 7,450MB/s for High End Computing, Gaming, and Heavy Duty Workstations (MZ-V9P2T0B/AM) Non-Heatsink","168.99","4.8",643,"SAMSUNG"
3,"GIGABYTE X870E AORUS ELITE WIFI7 AM5 LGA 1718, ATX, DDR5, 4x M.2, PCIe 5.0, USB4, Wi-Fi 7, 2.5GbE LAN, EZ-Latch, 5-Year Warranty","329.99","4.5",390,"GIGABYTE"
4,"CORSAIR Vengeance RGB 32GB (2 x 16GB) 288-Pin PC RAM DDR5 6400 (PC5 51200) Desktop Memory Model CMH32GX5M2N6400C36","124.99","4.4",270,"Corsair"
5,"MSI Ventus GeForce RTX 4060 8GB GDDR6 PCI Express 4.0 x8 ATX Graphics Card RTX 4060 VENTUS 2X BLACK 8G OC","329.99","4.8",131,"MSI"
6,"ASRock X870E NOVA WIFI AM5 AMD X870E SATA 6Gb/s ATX Motherboard","349.99","4.7",625,"ASRock"
7,"GIGABYTE Z890 AORUS ELITE WIFI7 Ultra Core (Series 2) LGA 1851, ATX, DDR5, 4x M.2, PCIe 5.0, Thunderbolt 4, WIFI7, 2.5GbE LAN, EZ-Latch","269.99","4.1",38,"GIGABYTE"
8,"MSI B650 GAMING PLUS WIFI AM5 AMD B650 SATA 6Gb/s ATX Motherboard","169.99","4",661,"MSI"
9,"MSI MPG X870E CARBON WIFI AM5 AMD X870E SATA 6Gb/s ATX Motherboard","499.99","4.7",222,"MSI"
10,"GIGABYTE B650M GAMING PLUS WIFI AM5 LGA 1718 AMD B650 M-ATX, DDR5, PCIe 4.0 M.2, PCIe 4.0, USB 3.2 Gen 1 Type-C, Wi-Fi 6E, 2.5GbE LAN","139.99","3.7",710,"GIGABYTE"
11,"Arctic Silver 5 High-Density Polysynthetic Silver Thermal Compound AS5-3.5G","6.42","4.8",8631,NULL
12,"AMD Ryzen 5 7600X - Zen 4 6-Core 4.7 GHz - Socket AM5 - 105W Desktop Processor (100-100000593WOF)","213.99","4.8",909,"AMD"
13,"ASRock X870E TAICHI AM5 AMD X870E SATA 6Gb/s Extended ATX Motherboard","469.99","4.7",625,"ASRock"
14,"WD_BLACK 2TB SN850X NVMe Internal Gaming SSD Solid State Drive - Gen4 PCIe, M.2 2280, Up to 7,300 MB/s - WDS200T2X0E","154.99","4.8",1088,"Western Digital"
15,"MSI MAG X870 TOMAHAWK WIFI AM5 AMD X870 SATA 6Gb/s ATX Motherboard","299.99","4.6",464,"MSI"
16,"AMD Ryzen 7 7800X3D - Ryzen 7 7000 Series Zen 4 8-Core 4.2 GHz - Socket AM5 120W - AMD Radeon Graphics Desktop Processor - 100-100000910WOF","409.0","4.9",589,"AMD"
17,"GIGABYTE X870 AORUS ELITE WIFI7 ICE AM5 LGA 1718, ATX, DDR5, 4x M.2, PCIe 5.0, USB4, Wi-Fi 7, 2.5GbE LAN, EZ-Latch, 5-Year Warranty","289.99","4.7",222,"GIGABYTE"
18,"ASUS ROG CROSSHAIR X870E HERO AMD X870E AM5 ATX motherboard, Advanced AI PC ready, 18+2+2 power stages, DDR5, PCIe 5.0, 5x M.2, Wi-Fi 7, USB4, AI Overclocking, Core Flex, PCIe Slot Q-Release Slim","689.99","4.1",145,"ASUS"
19,"SAMSUNG 990 EVO PLUS SSD 2TB, PCIe Gen 4x4 | Gen 5x2 M.2 2280, Speeds Up-to 7,250 MB/s, Upgrade Storage for PC/Laptops, HMB Technology and Intelligent Turbowrite 2.0 (MZ-V9S2T0B/AM)","129.99","4.8",183,"SAMSUNG"
20,"GIGABYTE Gaming Radeon RX 9070 XT 16GB GDDR6 PCI Express 5.0 x16 Graphics Card GV-R9070XTGAMING OC-16GD","968.99","4.8",60,"GIGABYTE"
21,"ASRock Steel Legend Radeon RX 9070 XT 16GB GDDR6 PCI Express 5.0 x16 Graphics Card RX9070XT SL 16G","1197.0","4.9",28,"ASRock"
22,"GIGABYTE Radeon RX 7800 XT GAMING OC 16G Graphics Card, 3x WINDFORCE Fans 16GB 256-bit GDDR6, GV-R78XTGAMING OC-16GD Video Card","659.0","4.6",161,"GIGABYTE"
23,"CORSAIR Vengeance RGB 32GB (2 x 16GB) 288-Pin PC RAM DDR5 6000 (PC5 48000) Desktop Memory Model CMH32GX5M2E6000C36","102.99","4.2",79,"Corsair"
24,"ASRock Radeon RX 6600 Challenger D 8GB GDDR6 PCI Express 4.0 Graphics Card RX6600 CLD 8G","219.97","4.7",501,"ASRock"
25,"AMD Ryzen 5 9600X - Ryzen 5 9000 Series Granite Ridge (Zen 5) 6-Core 3.9 GHz - Socket AM5 65W - Radeon Graphics Processor - 100-100001405WOF","229.99","4.7",183,"AMD"
26,"SAPPHIRE PULSE Radeon RX 9070 XT 16GB GDDR6 PCI Express 5.0 x16 ATX Graphics Card 11348-03-20G","879.99","4.5",46,"Sapphire Tech"
27,"AMD Ryzen 7 9700X - Ryzen 7 9000 Series Granite Ridge (Zen 5) 8-Core 3.8 GHz - Socket AM5 65W - Radeon Graphics Processor - 100-100001404WOF","329.0","4.7",183,"AMD"
28,"CORSAIR Vengeance LPX 32GB (2 x 16GB) 288-Pin PC RAM DDR4 3200 (PC4 25600) Desktop Memory Model CMK32GX4M2E3200C16","59.99","4.7",283,"Corsair"
29,"SAMSUNG SSD 990 PRO 4TB, PCIe Gen4 M.2 2280, Seq. Read Speeds Up-to 7,450MB/s for High End Computing, Gaming, and Heavy Duty Workstations (MZ-V9P4T0B/AM) Non-Heatsink","299.99","4.8",643,"SAMSUNG"
30,"ASUS ROG STRIX X870-A GAMING WIFI AMD AM5 X870 ATX motherboard 16+2+2 power stages, Dynamic OC Switcher, Core Flex, DDR5 AEMP, WiFi 7, 4x M.2, PCIe 5.0, Q-Release Slim, USB4, AI OCing & Networking","309.99","4.1",145,"ASUS"
31,"AMD Ryzen 9 9950X3D - Ryzen 9 9000 Series Granite Ridge (Zen 5) 16-Core 4.3 GHz Socket AM5 170W AMD Radeon Graphics Processor - 100-100000719WOF","699.99","4.6",39,"AMD"
32,"ASUS ROG STRIX X870E-E GAMING WIFI AMD AM5 X870 ATX motherboard 18+2+2 power stages, Dynamic OC Switcher, Core Flex, DDR5 AEMP, WiFi 7, 5x M.2, PCIe 5.0, Q-Release Slim, USB4, AI OCing & Networking","499.99","4.1",145,"ASUS"
33,"SAMSUNG 990 PRO SSD 1TB PCIe 4.0 M.2 2280 Internal Solid State Hard Drive, Seq. Read Speeds Up to 7,450 MB/s for High End Computing, Gaming, and Heavy Duty Workstations, MZ-V9P1T0B/AM","99.99","4.8",643,"SAMSUNG"
34,"GIGABYTE Gaming GeForce RTX 5080 16GB GDDR7 PCI Express 5.0 Graphics Card GV-N5080GAMING OC-16GD","1539.99","4.7",44,"GIGABYTE"
35,"MSI Ventus GeForce RTX 3060 12GB GDDR6 PCI Express 4.0 Graphics Card RTX 3060 Ventus 2X 12G OC","319.99","4.8",609,"MSI"
36,"SAPPHIRE NITRO+ Radeon RX 7900 XTX 24GB GDDR6 PCI Express 4.0 x16 ATX Video Card 11322-01-40G","1119.99","4.4",414,"Sapphire Tech"
37,"Dowinx L Shaped Gaming Desk with Led Light and Pegboard 94.5 Inch Computer Corner Desk or 2 Person Long Table with Shelves Monitor Stand and Filing Cabinet for Home Office Black with Drawer","138.99","4.4",8,"Dowinx"
38,"Dowinx PU Leather Gaming Chair with Massage Lumbar Support High Back Adjustable Office PC Chair Swivel Task Computer Chair with Footrest, Black","169.99","4.5",1225,"Dowinx"
39,"Fractal Design Refine Gaming Chair (Fabric Dark)","599.99","4",23,"Fractal Design"
40,"Corsair TC100 RELAXED Gaming Chair (Fabric Black)","219.99","3.8",18,"Corsair"
41,"Vitesse Big and Tall Gaming Chair 400lb Weight Capacity,Gamer Chairs for Adults,Video Game Chair wth Footrest,Racing Style Computer Gamer Chair with Headrest and Lumbar Support","119.99","3.6",17,NULL
42,"Dowinx Gaming Chair with Pocket Spring Cushion, Breathable Fabric Computer Chair with Gel Pad, Comfortable Office Chair with Storage Bag, Massage Game Chair with Footrest, Black","138.99","4.8",107,"Dowinx"
250,"Intel Core i7-12700KF - Core i7 12th Gen Alder Lake 12-Core (8P+4E) 3.6 GHz LGA 1700 125W Desktop Processor - BX8071512700KF","189.97","4.9",179,"Intel"
43,"Anker SOLIX C1000 Portable Power Station, 1800W (Peak 2400W) Solar Generator, Full Charge in 58 Min, 1056wh LiFePO4 Battery for Home Backup, Power Outages, and Outdoor Camping","999.0","5",2,NULL
44,"Anker Rechargeable Bolder LC90 LED Flashlight, Pocket-Sized Torch with Super Bright 900 Lumens CREE LED, IP65 Water-Resistant, Zoomable, 5 Light Modes, 18650 Battery Included","33.99","5",4,NULL
45,"SIHOO High-Back Mesh Office Chair with Lumbar Support, Ergonomic Chair for Desk, Breathable Mesh Adjustable Headrests for Home Office, Black","159.99","4.6",1227,NULL
46,"HOSHANHO Fillet Knife 7 Inch, Super Sharp Boning Knife in High Carbon Steel AUS-10, Professional Japanese Fish Knife for Meat Poultry Cutting","49.99",NULL,NULL,NULL
47,"KERDOM Ergonomic Gaming Chair, PU Leather Gamer Chair Racing Style Internet bar Game Chair, Adjustable Backrest, Swivel, Lumbar Support Gamer Chair - Black / Grey","99.99","5",8,NULL
48,"Fractal Design Refine Gaming Chair (Mesh Dark)","599.99","4",23,"Fractal Design"
49,"Dowinx Cute Cat-Ear Gaming Chair with Massaging Lumbar Support, Ergonomic Computer Gaming Chair for Girl and Adults, Reclining Comfort Game Chair with Footrest, Black","129.99","4.8",137,"Dowinx"
50,"FONTAL Electric Vacuum Sealer Machine with 4 Airtight Food Storage Container (0.5Qt / 1.2Qt / 1.8Qt / 2.4Qt) Meal Prep, Leakproof","49.99","2",3,NULL
51,"Fractal Design Refine Gaming Chair (Fabric Light)","599.99","4",23,"Fractal Design"
52,"Dowinx 47 inch Gaming Desk with RGB LED Lights, Racing Style PC Computer Desk Home Office Computer Table Gamer Workstation with Carbon Fiber Surface, Cup Holder and Headset Hook, Black","109.99","5",1,"Dowinx"
53,"Coolhut Ergonomic Office Chair, High Back Adjustable Computer Desk Chair with Lumbar Support, 300lb, Black","102.99","4.5",44,NULL
54,"Dowinx Gaming Chair with Pocket Spring Cushion, Ergonomic Computer Chair with Footrest and Lumbar Support for Office or Gaming, Green","95.99","4.7",125,"Dowinx"
55,"Dowinx Fabric Gaming Chair with Pocket Spring Cushion, Ergonomic Computer Chair with Footrest, Cloth Gamer Chair with Massage Lumbar Support and Headrest, Light Grey","129.99","4.7",135,"Dowinx"
56,"Dowinx Ergonomic Gaming Chair with Massage Lumbar Support, High Back Office Computer Chair with Footrest, Racing Style Recliner PU Leather Gamer Chairs, Blue","128.99","4.4",501,"Dowinx"
57,"FONTAL Electric Vacuum Sealer Machine with 4 Airtight Food Storage Containers (0.7Qt / 1.8Qt / 2.8Qt / 3.7Qt)","64.99","2",3,NULL
58,"Bestier 52"" Gaming Desk with Power Outlet & USB Ports, Reversible Small L Shaped Computer Desk with LED Strip & Headset Hooks for Home Office, Carbon Fiber Black","149.49","5",1,NULL
59,"Anker Rechargeable Bolder LC40 Flashlight, LED Torch, Super Bright 400 Lumens CREE LED, IP65 Water Resistant, 5 Modes High/Medium/Low/Strobe/SOS, Indoor/Outdoor (Camping, Hiking and Emergency Use)","29.99","4.6",16,NULL
60,"Solar Pool Skimmer Robot: SR5 PRO Automatic Pool Surface Skimmer with Solar Powered 24/7 Continuous Cleaning Robotic Pool Skimmer, Two Speed Modes, Dual Charging, Black","169.99",NULL,NULL,NULL
61,"BLUETTI PS72 700W Portable Power Station, 716Wh LiFePO4 Power Station, Best Solar Generator for Home Backup, Off-Grid Living, Camping","229.0",NULL,NULL,NULL
62,"Dowinx Gaming Chair Fabric with Heated Shiatsu Massage Lumbar, Big and Tall Game Chair Breathable with Footrest and Pocket Spring Cushion, High Back Computer Chair for Adult, Black","159.99","4.7",3,"Dowinx"
63,"SHAN ZU Chef Knife 8 Inch Japanese Steel Damascus Kitchen Knife, Professional Kitchen Knives Sharp High Carbon Super Steel Kitchen Utility Knife","69.99","5",3,NULL
64,"Dowinx Ergonomic Gaming Chair with Pocket Spring Cushion and Massage Lumbar Support, High Back Leather Office Chair with Footrest, 300LBS Capacity, Black","159.99","5",2,"Dowinx"
65,"HOSHANHO 7 Inch Japanese Chef Knife, Ultra Sharp High Carbon Stainless Steel AUS-10 Kitchen Knife, Professional Santoku Knives with Ergonomic Pakkawood Handle","49.99",NULL,NULL,NULL
66,"Dowinx L-Shaped Gaming Desk with Cat Accessories - 43-Inch Black & Pink, Built-in Power Outlet, Monitor Shelf, and Side Storage, Sturdy Metal Frame for Gamers and Home Office","69.99",NULL,NULL,"Dowinx"
67,"Dowinx Gaming Chair Fabric with Pocket Spring Cushion, High Back Ergonomic Computer Chair with Footrest and Massage Lumbar Support, Ideal for Office Gaming, Supports Up to 300LBS, Black","129.99","4.4",5,"Dowinx"
68,"Vitesse Gaming Office Chair with Carbon Fiber Design, High Back Racing Style Seat, Swivel, Lumbar Support and Headrest (Red)","99.99","3.6",23,NULL
69,"L Shaped Gaming Desk, Reversible U Shaped Computer Desk with Power Outlet and Storage Shelves, Gaming Desk with LED Strip, 3 Fabric Drawers, Black","359.99","5",1,NULL
70,"Vitesse Video Game Chairs with footrest,Gamer Chair for Adults,Big and Tall Chair, 400lb Capacity,Gaming Chairs for Teens,Racing Style Computer Chair with Headrest and Lumbar Support Grey","129.99","3.8",130,NULL
71,"GE 43W Energy Efficient Halogen Light Bulb (12 Pack)","24.99",NULL,NULL,NULL
72,"Dowinx Gaming Chair with Footrest, Ergonomic Massage Game Chair for Adults, Heavy-Duty PC Computer Chair with Massage Lumbar Support, Adjustable Recline and Storage Pouch For Home Office, Black","138.99","5",4,"Dowinx"
73,"WOLFBOX MF100 Cordless Air Duster, 150000RPM High-Speed, Rechargeable, 3-Speed Mini Blower for PC, Keyboard, Outdoor Use, Snow & Auto Cleaning - Long-Lasting Battery","89.99","4.8",207,NULL
74,"Refurbished Dyson V11 Torque Drive Cordless Vacuum | Nickel/Iron","299.99","5",1,"Dyson"
75,"AIRROBO T20+ Robot Vacuum and Mop (2600Pa Suction) Auto-Empty Station, 60-Day Capacity, Home Mapping, Voice/App Control, LiDAR Navigation, 150min Runtime","199.99","4.7",3,NULL
76,"Panasonic 1.2 Cubic Feet 1200W Countertop Microwave Oven w/ Inverter Technology & Genius Sensor (NN-SN686S)","197.99","5",6,NULL
77,"Refurbished Dyson Ball Animal 2 Origin Upright Vacuum | Blue","279.99","4.2",68,"Dyson"
78,"Rosewill 1800W Portal Induction Cooktop Burner | Large Digital Screen Display | 1800 Watt | 5 Pre-Programmed Cooktop Settings | Stainless Steel Pot Included | 10"" 3.5 QT - RHAI-15001","89.99","4.2",161,"Rosewill"
79,"Compressed Air Duster - 3 Gear Speed 55000 RPM 7600mAh 7.2KPA Electric Air Duster, Replaces Compressed Air Cans, Cordless air Blower Rechargeable for Cleaning Camera Computer, Household and Pet Hair","49.99","4.2",15,NULL
80,"Lasko 20"" Wind Machine Fan 3300","49.99","4.6",5,NULL
81,"Panasonic Genius Sensor 1.3 cu. ft. 1100W Countertop Microwave Oven in White (NN-SU656W)","190.17","5",1,NULL
82,"PRESTO 04820 White PopLite hot air corn popper","33.7","4.3",34,NULL
251,"MSI - MAG A750GL PCIE5, 80+ GOLD Fully Modular Gaming PSU, 12V-2x6 Cable, ATX 3.1 & PCIE 5.1 Ready, 750W Power Supply, 10 Year Warranty","99.99","4.1",45,"MSI"
83,"Rosewill Mattress Vacuum Cleaner: Anti-allergen Bed Vacuum Cleaner with UV-C Light & High Heating Tech, 350W 13Kpa Strong Suction, Deep Cleaning Handheld Vacuums for Sofa/Bed/Pet Hair - Corded - OW","79.99",NULL,NULL,"Rosewill"
84,"Rosewill Compact Food Dehydrator, 5 Stackable Trays with Adjustable 48H Timer and Temperature Control - Electric Food Preserver for Jerky, Fruits, Veggies, Meat & Dog Treats","39.99","3",4,"Rosewill"
85,"Compressed Air Duster & Mini Vacuum Keyboard Cleaner 3-in-1, New Generation Canned Air Spray, Portable Electric Air Can, Cordless Blower Computer Cleaning Kit","25.99","3.3",27,NULL
86,"eufy X10 Pro Omni Robot Vacuum and Mop with 8,000 Pa Suction, Dual Mops with 12 mm Auto-Lift and Carpet Detection, AI Obstacle Avoidance, Auto Mop Washing, Auto Drying, Self-Emptying, Self-Refilling","799.99",NULL,NULL,NULL
87,"Tiger 5.5 Cups Electric Rice Cooker and Warmer with Steam Basket, White JAZ-A10U","76.99","5",2,NULL
88,"Compressed Air Duster, 90,000RPM Electric Air Duster & Vacuum Cleaner 2 in 1 Rechargeable 7800mAh Cordless, Keyboard and Computer Cleaner, Replaces Compressed Air Cans (Black)","69.99","4.4",9,NULL
89,"Whirlpool Washer W11578565 Control Board WTW4816FW3","99.0",NULL,NULL,NULL
90,"PRESTO 05442 Professional CoolDaddy Cool-touch Deep Fryer, Black","71.09","4",2,NULL
91,"Refurbished Dyson V15 Detect Extra | Yellow/Nickel","429.99",NULL,NULL,"Dyson"
92,"Refurbished Dyson V10 Allergy Cordfree Vacuum Cleaner | Blue","329.99",NULL,NULL,"Dyson"
93,"Metropolitan ED500 DataVac 120 Volt Computer and Electronics Electric Blower | Electric Duster, White","114.99","4.6",234,NULL
94,"Minthouz 3-in-1 Compressed Air Duster with 120000RPM, 3-Speed, 7500mAh Battery Electric Cordless Air Blower & Vacuum Cleaner- Ideal for Home Pet/Computer/Keyboard/Car | No Canned Air Duster","36.99",NULL,NULL,NULL
95,"Rosewill Portable Induction Cooktop Burner, 1800W, 8 Power/Temp Levels, Touch Panel, LED Display, Timer, Auto Shut-Off, Child Safety Lock, Includes Stainless Steel Pot - (RHAI-13001)","69.99","4.2",161,"Rosewill"
96,"Used - Like New Google Nest 3rd Gen Learning Thermostat Wire Base Plate Only - NO THERMOSTAT - Open Box","29.99",NULL,NULL,NULL
97,"Hamilton Beach 33190FG 10 Quart 10 Quart Slow Cooker","51.99",NULL,NULL,NULL
98,"ROSEWILL 4 in 1 Electric Food Steamer, Steamer, Baby food maker, Rice cooker and Sterilizer, 800W turbo steam fast heating, 3 Tier stackable baskets,9.5Qt","39.99","4.2",22,"Rosewill"
99,"PRESTO 05466 Dual Basket ProFry Immersion Element Deep Fryer,  Stainless Steel","85.12","3",1,NULL
100,"EVGTTI Handheld Steam Cleaner 2500W High-Pressure Portable Steam Cleaner with Fast Heat-Up Multiple Attachments and Deep Cleaning Power for Homes Cars Upholstery Kitchens White","89.99",NULL,NULL,NULL
101,"Compressed Air Duster, CORN 100000RPM Electric Air Duster & Vacuum Cleaner 2 in 1 Rechargeable, Air Blower for Compute and Keyboard, Cordless Air Duster 7500MAH, Good Replace Compressed Air Can","59.99","5",2,NULL
102,"PRESTO 01264 6-Quart Aluminum Pressure Cooker","48.99","4.8",4,NULL
103,"Zojirushi NS-TSC10 5-1/2-Cup (Uncooked) Micom Rice Cooker and Warmer, 1.0-Liter","139.99",NULL,NULL,NULL
104,"PRESTO 04821 Orville Redenbacher's Hot Air Popper","40.99","4",3,NULL
105,"Compressed Air Duster & Computer Vacuum Keyboard Cleaner 3-in-1, New Generation Canned Air Spray, Energy-Efficient Portable Electric Air Can, Cordless Blower Computer Cleaning Kit","37.99",NULL,NULL,NULL
106,"ElephantNumCoffee Grinder Electric, USB Charging, Ceramic Burr, Cordless Battery Portable Mill, Multi Grind Levels for French Press Chemex Cold Brew Pour Over Coffee Maker Moka Pot Hand Drip Aeropress","29.0","5",2,NULL
107,"Refurbished Dyson Outsize Cordless Vacuum Cleaner | Nickel/Red","399.99",NULL,NULL,"Dyson"
108,"TATUNG 10 Cups Multifunction Indirect Heat Rice Cooker Steamer and
Warmer, TAC-10G-SF, White, 4L, Aluminum Outer, Stainless Inner Pot","209.99",NULL,NULL,NULL
109,"Fenvi FV-AXE3000 Wi-Fi 6E AX210 PCIe Network Card Bluetooth 5.2 Heat Sink AX 3000Mbps 802.11ax Tri-band 2.4G/5G/6G PCI-E Wireless WiFi Network Adapter Cards for Desktop PC Support Windows 10/11 64-bit","28.79","4.3",162,"fenvi"
110,"NETGEAR 8 Port Gigabit Ethernet Switch Unmanaged | GS308","17.99","4.7",103,"Netgear Inc."
111,"TP-Link 5 Port Gigabit Ethernet Network Switch - Ethernet Splitter | Plug & Play | Fanless | Sturdy Metal w/ Shielded Ports | Traffic Optimization | Unmanaged | Limited Lifetime Protection(TL-SG105)","13.95","4.7",1074,"TP-Link"
112,"Wavlink WiFi 6E AX5400 PCIe WiFi Card AX210 Network Card Bluetooth 5.3 Tri-Band 2.4G/5G/6G Wireless Adapter, 802.11ax with MU-MIMO, OFDMA, WPA3, Heat Sink, 2x5dBi Antennas, for Windows 10/11 PC","29.99","4.3",48,"Wavlink"
113,"TP-Link AC1200 WiFi Extender (RE315), Covers Up to 1500 Sq.ft and 25 Devices, 1200Mbps Dual Band WiFi Booster with External Antennas, WiFi Repeater, Supports OneMesh","26.99","4.5",20,"TP-Link"
114,"TP-Link UB500 Bluetooth 5.0 Nano USB Adapter","9.67","4.3",95,"TP-Link"
115,"DERAPID 2.5Gbps PCI Express Network Adapter RJ45 to PCIE Card RTL8125 NIC 2.5G Gigabit LAN Gaming Network Card PCI-E x1 RJ45 NIC for Desktop","14.99","4.8",10,NULL
116,"Fenvi Wi-Fi 6E AX210 802.11ax WiFi Card Tri-Band 2400Mbps 5G/6G Wireless Module MU-MIMO for Laptop ,With Intel AX210NGW,Bluetooth 5.3,Internal WiFi Wlan Adapter Support Win 10/11 64bit,M.2/NGFF 2230","19.99","4.5",49,"fenvi"
117,"Fenvi Wireless USB WiFi Adapter for PC - 802.11AC 1300Mbps Dual Band 5G/2.4G WiFi USB 3.0 Wi-Fi Dongle  for PC Desktop Laptop Windows 10/8/8.1/7/Mac OS X 10.9-10.15, WiFi USB Computer Network Adapters","9.49","4.2",67,"fenvi"
118,"NETGEAR 5-Port Gigabit Ethernet SOHO Plus Switch | GS305E","22.99","4.7",126,"Netgear Inc."
119,"TP-Link 8 Port Gigabit Ethernet Network Switch | Ethernet Splitter | Sturdy Metal w/ Shielded Ports | Plug-and-Play | Traffic Optimization | Unmanaged (TL-SG108)","17.99","4.7",1074,"TP-Link"
120,"MSI HERALD-BE WIFI 7 MAX, NCM865 Tri-Band Wi-Fi 7 & Bluetooth 5.4 PCIe Adapter","49.99","4",3,"MSI"
121,"WAVLINK WiFi6 Outdoor WiFi Extender Access Point, Dual Band AX3000 2.4G+5G Long Range Outdoor WiFi Mesh Extender with PoE/4x8dBi High-gain Antennas/IP67 Weatherproof Enclosure/Signal Booster Amplifier","159.99","5",2,"Wavlink"
122,"WAVLINK AX3000 WiFi 6 Range Extender Outdoor Long Range Wifi Repeater/Wireless AP/Router/Signal Booster with Dual Band/Passive PoE/IP67 Waterproof, Gigabit Port,Up to 256 Devices for Garage, Yard, RV","159.99","4.6",152,"Wavlink"
123,"FENVI Wireless USB WiFi 6 Adapter AX900 Bluetooth 5.3 USB Dongle, 802.11ax Dual Band 5G/2.4Ghz 900Mbps Wi-Fi6 Receiver Network Adapter , Free Driver Support Windows 10 32/64bit,Windows 11(64bit)","15.99","5",1,"fenvi"
124,"Ubiquiti Network Dream Machine Pro (UDM-Pro)","389.99",NULL,NULL,NULL
252,"BULL Power Strip - 3 USB Ports, 3 AC Outlets and 5ft Flexible Extension Cord","12.99",NULL,NULL,NULL
125,"WAVLINK AX5400 USB 3.0 WiFi Adapter, Wi-Fi 6E Tri-band 2.4/5/6GHz Wireless Network Adapter with 4 High Gain 5dBi Antennas, WPA3 for PC, Desktop, Laptop, Supports Windows 10/11","35.99","4.5",269,"Wavlink"
126,"TP-Link Archer AC2300 Wireless Wi-Fi Router, Powerful 1.8 GHz Dual-Core Processor, 802.11ac Wave 2 MU-MIMO","30.49","2.8",5,"TP-Link"
127,"Ubiquiti Networks U7-Pro (U7-Pro) Access Point","189.0",NULL,NULL,NULL
128,"Ubiquiti Network Dream Machine Special Edition (UDM-SE (180W))","498.0","5",1,NULL
129,"TP-Link AXE5400 Tri-Band WiFi 6E Router (Archer AXE75)- Gigabit Wireless Internet Router, ax Router for Gaming, VPN Router, OneMesh, WPA3","149.99","4.5",20,"TP-Link"
130,"Fenvi AC1200 Wireless PCIe WiFi Card Dual Band PCI Express Wi-Fi Adapter Bluetooth 4.0, Up to 867M(5Ghz), 300Mbps(2.4Ghz), 802.11ac WI-FI BT 4.0 PCIe Network Wlan Adapter For Desktop Windows 7,8,10,11","13.69","4.1",43,"fenvi"
131,"1200Mbps USB Wifi Adapter for PC,CORN Mini 802.11ac Dual Band 2.4G/5G High Gain 2dBi Antenna Wireless Network Adapter Wi-Fi Dongle Adapter Support Windows XP,Win Vista,Win 7,Win 8.1,Win 10,Mac OS X 10","15.99","4.3",11,NULL
132,"fenvi FV-AX3000 WiFi 6 PCI-E 3000Mbps Bluetooth 5.1 Wifi Adapter Intel AX200 Wi-fi6 Card Wireless PCI Express 802.11ax/ac 2.4Ghz/5Ghz Dual Band MU-MIMO OFDMA With Heat Sink, for Windows 10/Win 11","25.99","4.2",373,"fenvi"
133,"TP-Link USB Bluetooth Adapter for PC, 4.0 Bluetooth Dongle Receiver Support Windows 10/8.1/8/7/XP for Desktop, Laptop, Mouse, Keyboard, Printers, Headsets, Speakers, PS4/ Xbox Controllers (UB400)","11.99","4.3",95,"TP-Link"
134,"TP-Link Archer AX55 WiFi 6 AX3000 Smart WiFi Router - 802.11ax Wireless Router, Gigabit Internet Router, Dual Band, OFDMA, MU-MIMO, OneMesh Compatible","71.99","4.6",90,"TP-Link"
135,"Intel Dual Ports RJ45 10/5/2.5/1GbE Ethernet Converged Network Adapter X550-T2","116.72","4.8",6,"Intel"
136,"Fenvi AX1800 WiFi 6 PCIe Wireless Card,1800Mbps 802.11 ax/ac Wi-Fi6 Network Wlan,2.4Ghz/5.8Ghz,Blue-tooth 5.2,OFDMA, 2x2 MU-MiMO and WPA3,wifi6 MT7921K Inside,For Desktop Windows 10/11 64-bit","19.99","3.8",11,"fenvi"
137,"NETGEAR 5-Port Gigabit Ethernet SOHO Unmanaged Switch | GS305","13.99","4.7",126,"Netgear Inc."
138,"Cat 8 Ethernet Cable 3ft (2 Pack), Outdoor&Indoor, High Speed 26AWG Internet Cable 40Gbps 2000Mhz, Shielded Direct Burial RJ45 Network Cable,Weatherproof&UV Resistant Cable for Gaming/Router/Modem","13.99",NULL,NULL,NULL
139,"TP-Link WiFi 6 AX3000 PCIe WiFi Card (Archer TX3000E), Up to 2400Mbps, Bluetooth 5.0, 802.11AX Dual Band Wireless Adapter with MU-MIMO,OFDMA,Ultra-Low Latency, Supports Windows 10 (64bit) only","31.99","4.5",289,"TP-Link"
140,"TP-Link WiFi 6 Router AX1800 Smart WiFi Router (Archer AX21) - Dual Band Gigabit Router, Works with Alexa","59.99","4.6",90,"TP-Link"
141,"FV-AXE210NG Wi-Fi 6E Desktop Kit Wireless Adapter Bluetooth 5.2 + 3000Mbps 2.4Ghz 5Ghz 6Ghz M.2 2230 Key E With Intel AX210 AX210NGW 802.11ax/ac Support MU-MIMO OFDMA Windows 10/11 With 6Dbi Antenna","24.39","4.5",48,"fenvi"
142,"fenvi FV-AXE3000Pro Tri-Band 5400M WiFi 6E 5G/6GHz PCIe WiFi Card,802.11ax WiFi6 Network ,BT 5.2,AX210 Wireless WLAN Adapter,MU-MIMO,OFDMA,Ultra-Low Latency,Support Windows 10/11 (64bit) Desktop PC","33.99","4",31,"fenvi"
143,"TP-Link WiFi 6 PCIe WiFi Card for Desktop PC AX3000 (Archer TX55E), Bluetooth 5.2, WPA3, 802.11ax Dual Band Wireless Adapter with MU-MIMO, Ultra-Low Latency, Supports Windows 11, 10 (64bit) Only","29.99","4.5",289,"TP-Link"
144,"ASUS ROG Rapture GT-BE98 PRO First Quad-Band WiFi 7 Gaming Router supports 320MHz, Dual 10G Port, Triple-level Game Acceleration, Mobile Game Mode, Subscription-Free Security, AiMesh, and VPN features","699.99","3.6",23,"ASUS"
145,"VITESSE Big and Tall Gaming Chair 400lb Weight Capacity with Footrest, Ergonomic Video Game Chair for Adults with Oversized Headrest and Lumbar Pillow, Computer Chair gaming for Office","129.99","3.5",2,NULL
146,"24W Eye Caring Led Desk Lamp with Clamp, , Ultra Bright Desktop Lamp with Atmosphere Lighting,Dimmable Desk Light Stepless table Light",NULL,"5",1,NULL
147,"Fractal Design Refine Gaming Chair (Mesh Light)","599.99","4",23,"Fractal Design"
148,"Bestier 44"" Rectangular Gaming Desk with RGB LED Lights and Adjustable Storage Shelves, Carbon Fiber Black Finish, with Foldable Cup Holder and Headphone Hook, Easy Assembly","123.99",NULL,NULL,NULL
149,"Bestier 61.3 Inch Gaming Desk, 4 Tier Shelf Computer Desk with USB Socket, LED Lighting, Side Storage Bag and Accessories Hanger for Gaming and Working, Carbon Fiber Black/Red","134.99","5",1,NULL
150,"VIVO Electric 60 x 24 Stand Up Desk | Black Solid One-Piece Table Top, Black Frame (DESK-KIT-1B6B)","239.99",NULL,NULL,NULL
151,"Corsair TC500 LUXE Gaming Chair - Shadow (Black/Charcoal)","499.99","3.8",18,"Corsair"
152,"KEPANE Ergonomic Breathable Mesh Back Office Chair,  with Lumbar Support, Headrest and Flip-up Arms,  Adjustable Height, for gaming and desk","159.99","4.1",26,NULL
153,"Vitesse Heavy Duty Big and Tall Office Chair,500LBS Capacity Office Chair for Heavy People, High Back PU Leather Executive Desk Chair with Wide Seat,Large Office Chair with Adjustable Lumbar Support","249.99","5",2,NULL
154,"Dowinx Big and Tall Office Chair with Pocket Spring Cushion and Lumbar Support,Executive Desk Chair with Footrest,High Back Computer Gaming Chair with Adjustable Armrests,(PU Leather, White)LS-66BG104","148.99",NULL,NULL,"Dowinx"
155,"Robotic Solar Pool Skimmer Cleaner Cordless Pool Skimmer Automatic Pool Cleaner Robot for Pool Surface with Dual Charging Options Path Optimization Obstacle Avoidance Saltwater Compatibility","159.99",NULL,NULL,NULL
156,"Dowinx Ergonomic Office Chair,Breathable Mesh Computer Chair with Pocket Spring Cushion,Comfy Desk Chair with Adjustable Lumbar Support and Headrest,LS-66WB0105 Grey","99.99",NULL,NULL,"Dowinx"
157,"Bestier 48"" L-Shaped Gaming Desk with LED Lights, Power Outlets, and Monitor Stand Carbon Fiber Black","118.99",NULL,NULL,NULL
158,"Corsair TC100 RELAXED Gaming Chair (Leatherette Black)","219.99","3.8",18,"Corsair"
159,"Kitchen Mama Electric Can Opener: Kitchen Mama Portable Battery Powered Automatic Smooth Edge Can Opener, Ergonomic Can Openers, One Press to Open Can for Seniors, Chef, and Daily Cooking (Teal Green)","29.99","2.3",3,NULL
160,"H2O WORKS Garden Flat Soaker Hose 1/2 in x 50ft,More Water Leakage, Heavy Duty Metal Hose Connector Ends, Perfect Delivery of Water,Garden Flower Bed and Vegetable Patch,Landscaping, Savings 80% Water","29.99",NULL,NULL,NULL
161,"ARROWHEAD OUTDOOR 296W Portable Power Station, Lithium, Solar Generator, 120V/300W (Peak 600W) Pure Sine Wave AC Outlet, USB-C PD 60W, Case, Outdoor, Home Emergency, Power Outage, RV, Camping, CPAP","129.99",NULL,NULL,"ARROWHEAD OUTDOOR"
162,"Fractal Design Refine Gaming Chair (Alcantara® Dark)","949.99","4",23,"Fractal Design"
163,"Neck Cooling Tube - Reusable (Crystalize Below 82.4°F & No Refrigerator Needed) White","13.99","5",3,NULL
164,"Hoshanho Two Piece Kitchen Knife Set in Japanese Steel AUS-10, High-Class Chef's Knife 8 inch Santoku knife 7 inch Professional Cooking Knife, Non-slip Ultra Sharp Knife with Ergonomic Handle",NULL,NULL,NULL,NULL
165,"KILLABEE Big and Tall 400lb Massage Memory Foam Gaming Chair - Adjustable Tilt, Back Angle and Flip-Up Arms,High-Back Leather Racing Executive Computer Desk Office Chair, Metal Base Red Black","189.99","4.3",88,NULL
166,"Corsair TC100 RELAXED Gaming Chair (Fabric Grey/Black)","225.99","3.8",18,"Corsair"
167,"LED Desk Lamp, Swing Arm Desk Light with Clamp, 3 Lighting 10 Brightness Eye-Caring Modes, Reading Desk Lamps for Home Office 360°Spin with USB Adapter & Memory Function black-14W","39.99","5",1,NULL
168,"Kitchen Mama Mini Battery-Operated Can Opener: Open Your Cans with A Simple Push of Button - No Sharp Edge, Food-Safe and Mini-sized (Marble White)","15.99","4.9",9,NULL
169,"75 Resealable Anti-Static Bags - 3 Sizes for HDD, SSD, and Other Electronics ESD","14.99","5",1,NULL
170,"79"" Gaming Desk, Computer Desk with 2 Fabric Drawers & LED Light, L Shaped Gaming Desk with Storage Shelf for Home Office, Carbon Fiber w/Free Mouse Pad - Black","249.99","5",1,NULL
171,"ORICO Computer Tower Stand, Mobile CPU Holder with 4 Caster Wheels Fits for Most Computer Tower, Gaming PC, Printer, Under Desk PC Holder (Black,17.71*9.25*1.57in)","22.99","3",7,"Orico"
172,"Ninecer Big and Tall Office Chair 400lb Wide Seat, High Back Leather Executive Office Chair with Flip-up Arms, Ergonomic Computer Desk Chairs for Home Office, Gray/Blue","189.99",NULL,NULL,NULL
173,"Es Robbins Natural Origins Chair Mat for Carpet 46 x 60 Clear 141052","37.28",NULL,NULL,NULL
174,"EcoFlow 12V 100Ah LiFePO4 Battery, Built-In 100A BMS Group 27 Lithium Trolling Motor Battery Deep Cycles & 10 Years Lifespan for Boat, Marine, Yacht, RVs","199.0",NULL,NULL,"ecoflow"
175,"Noctua NV-SPH1, Powered Fan Hub Set with NV-PS1 230/115V AC to 12V DC Power Supply and NV-FH2 8-way Fan Splitter Board, Ideal for Powering 12V PC Fans off The Mains (Black)","59.9",NULL,NULL,NULL
176,"GLOTRENDS 5 Packs 12x16 inch Motherboard Antistatic Bags ESD Shielding Bags for Most of Computer Accessories,Open Top Design, Non-Toxic PET Materials, Translucent","7.99",NULL,NULL,NULL
177,"SIHOO High-Back Ergonomic Office Chair, Mesh Desk Chair with Adjustable 3D Armrest, Lumbar Support and Headrest, for Home & Office, Black","229.99","4.7",538,NULL
178,"Dowinx Fabric Gaming Chair with Footrest - Big and Tall, Wide Back Gamer Chair with Massage for Adults, 300lbs Capacity, Black","159.99","4.7",3,"Dowinx"
179,"KERDOM Ergonomic Racing-Style Gaming Chair with High Back, Adjustable Height and Reclining Backrest, Complete with Headrest and Lumbar Support for Optimal Comfort Black / Grey","99.99",NULL,NULL,NULL
180,"Dowinx L Shaped Gaming Desk with Led Light and Pegboard 94.5 Inch Computer Corner Desk or 2 Person Long Table with Shelves Monitor Stand and Filing Cabinet for Home Office Black with Drawer","138.99","4.4",8,"Dowinx"
181,"Dowinx PU Leather Gaming Chair with Massage Lumbar Support High Back Adjustable Office PC Chair Swivel Task Computer Chair with Footrest, Black","169.99","4.5",1225,"Dowinx"
182,"Fractal Design Refine Gaming Chair (Fabric Dark)","599.99","4",23,"Fractal Design"
183,"Ring Chime Pro (2nd Generation) Wi-Fi Extender Compatible with all Ring devices - White","39.95","5",4,NULL
184,"Corsair TC100 RELAXED Gaming Chair (Fabric Black)","219.99","3.8",18,"Corsair"
185,"Vitesse Big and Tall Gaming Chair 400lb Weight Capacity,Gamer Chairs for Adults,Video Game Chair wth Footrest,Racing Style Computer Gamer Chair with Headrest and Lumbar Support","119.99","3.6",17,NULL
186,"Dowinx Gaming Chair with Pocket Spring Cushion, Breathable Fabric Computer Chair with Gel Pad, Comfortable Office Chair with Storage Bag, Massage Game Chair with Footrest, Black","138.99","4.8",107,"Dowinx"
187,"HISION Mini Projector Native 1080P Outdoor Movie Projector, 8000L Portable Home Theater 4K Support Video Projector Compatible with TV Stick, HDMI, VGA, USB, Laptop, DVD, iOS & Android Smartphone","59.99","5",2,NULL
188,"USB 2.0 9Pin Female to Dual 9-Pin Male Extension Cable 2Pack,Motherboard 9-PIN USB2.0 Header Splitter Nylon Braided for Computer Internal Motherboard-Black","12.95","5",2,NULL
189,"PLAUD NOTE  AI Voice Recorder (Black) Black Magnetic Case Included","143.1","4",1,NULL
190,"SIHOO High-Back Mesh Office Chair with Lumbar Support, Ergonomic Chair for Desk, Breathable Mesh Adjustable Headrests for Home Office, Black","159.99","4.6",1227,NULL
191,"Gold-plated USB 3.0 Extension Cable, [3 Pack 10ft] USB A Male to Female Extension Extender Cord 5Gbp High Data Transfer Compatible for USB Flash Drive, Keyboard, Printer, Xbox, Hard Drive and More","19.99","5",2,NULL
192,"Innovera IVR10010 Compressed Air Duster Cleaner, 10 oz. Can","13.88","4.7",19,NULL
193,"Brother DCP-L2640DW Wireless Compact Monochrome Laser Multifunction Printer","223.56",NULL,NULL,NULL
194,"KERDOM Ergonomic Gaming Chair, PU Leather Gamer Chair Racing Style Internet bar Game Chair, Adjustable Backrest, Swivel, Lumbar Support Gamer Chair - Black / Grey","99.99","5",8,NULL
195,"Fractal Design Refine Gaming Chair (Mesh Dark)","599.99","4",23,"Fractal Design"
196,"Dowinx Cute Cat-Ear Gaming Chair with Massaging Lumbar Support, Ergonomic Computer Gaming Chair for Girl and Adults, Reclining Comfort Game Chair with Footrest, Black","129.99","4.8",137,"Dowinx"
197,"Fractal Design Refine Gaming Chair (Fabric Light)","599.99","4",23,"Fractal Design"
198,"ELEGOO SATURN 4 ULTRA 12K 3D PRINTER","399.99","5",1,"ELEGOO"
199,"Dowinx 47 inch Gaming Desk with RGB LED Lights, Racing Style PC Computer Desk Home Office Computer Table Gamer Workstation with Carbon Fiber Surface, Cup Holder and Headset Hook, Black","109.99","5",1,"Dowinx"
200,"Coolhut Ergonomic Office Chair, High Back Adjustable Computer Desk Chair with Lumbar Support, 300lb, Black","102.99","4.5",44,NULL
201,"Dowinx Gaming Chair with Pocket Spring Cushion, Ergonomic Computer Chair with Footrest and Lumbar Support for Office or Gaming, Green","95.99","4.7",125,"Dowinx"
202,"Dowinx Fabric Gaming Chair with Pocket Spring Cushion, Ergonomic Computer Chair with Footrest, Cloth Gamer Chair with Massage Lumbar Support and Headrest, Light Grey","129.99","4.7",135,"Dowinx"
203,"Dowinx Ergonomic Gaming Chair with Massage Lumbar Support, High Back Office Computer Chair with Footrest, Racing Style Recliner PU Leather Gamer Chairs, Blue","128.99","4.4",501,"Dowinx"
204,"Lian Li PW-U2HB ,Interal USB 2.0 1 to 3 HUB,Black Color --------- PW-U2TPAB","19.98",NULL,NULL,"Lian Li"
205,"Innovera IVR10016 Compressed Air Duster Cleaner, 10 oz. Can, 6/Pack","34.99","4.8",25,NULL
300,"Brother 37-Stitch Sewing Machine SM3701","121.99",NULL,NULL,NULL
206,"Bestier 52"" Gaming Desk with Power Outlet & USB Ports, Reversible Small L Shaped Computer Desk with LED Strip & Headset Hooks for Home Office, Carbon Fiber Black","149.49","5",1,NULL
207,"Ricoh ScanSnap iX1600 Versatile Cloud Enabled Scanner, Black","399.99","5",8,NULL
208,"Brother MFC-J1010DW Wireless Color Inkjet All-in-One Printer with Mobile Device and Duplex Printing","117.16","5",1,NULL
209,"ELEGOO Saturn 3 UItra-E MSLA 3D Printer","289.99","5",1,"ELEGOO"
210,"Brother MFCJ4335DW Up to 20 ppm Black Print Speed Wireless 802.11 b/g/n InkJet MFC / All-In-One Color Printer","199.99","4.7",3,NULL
211,"Dowinx Gaming Chair Fabric with Heated Shiatsu Massage Lumbar, Big and Tall Game Chair Breathable with Footrest and Pocket Spring Cushion, High Back Computer Chair for Adult, Black","159.99","4.7",3,"Dowinx"
212,"EnLabs CNU3AM2CF USB 3.1 10Gbps Type A Male to USB-C Type-C Female Adapter Converter Support Data Sync & PD Charging - Black","7.79","4.6",12,NULL
213,"HP OfficeJet Pro 9125e Wireless Color All-in-One Printer with Bonus 6 Months Instant Ink with HP+, Gray, Medium 403X0A#B1H","199.99","5",1,"HP"
214,"USB-C to USB-A 10 Gbps USB 3.2 Gen 2 Data Power Cable | 0.5 Meter 1.6 ft | Fast Charging with Quick Data Transfers 2 Pack","12.97",NULL,NULL,NULL
215,"Brother HL-L2400D Compact Monochrome Laser Printer","139.99","4.2",5,NULL
216,"ASRock B650M Pro RS WiFi AM5 AMD B650 SATA 6Gb/s Micro ATX Motherboard","149.99","4.2",713,"ASRock"
217,"ASUS TUF Gaming GeForce RTX 5070 OC 12GB 192-Bit GDDR7 PCI Express 5.0 DLSS 4.0 Graphics Card TUF-RTX5070-O12G-GAMING","739.99","4.4",38,"ASUS"
218,"WD_BLACK 1TB SN850X NVMe Internal Gaming SSD Solid State Drive - Gen4 PCIe, M.2 2280, Up to 7,300 MB/s - WDS100T2X0E","94.99","4.8",1088,"Western Digital"
219,"Intel Core i7-14700K - Core i7 14th Gen 20-Core (8P+12E) LGA 1700 125W Intel UHD Graphics 770 Processor - Boxed - BX8071514700K","324.3","4.6",156,"Intel"
220,"MSI MAG Z790 TOMAHAWK WIFI LGA 1700 Intel Z790 SATA 6Gb/s DDR5 ATX Motherboard","229.99","4.3",946,"MSI"
221,"AMD Ryzen 5 5500 - Ryzen 5 5000 Series Cezanne (Zen 3) 6-Core 3.6 GHz Socket AM4 65W None Integrated Graphics Desktop Processor - 100-100000457BOX","83.1","4.8",244,"AMD"
222,"AMD Ryzen 7 7700X - Zen 4 8-Core 4.5 GHz - Socket AM5 - 105W Desktop Processor (100-100000591WOF)","318.99","4.8",909,"AMD"
223,"GIGABYTE X870E AORUS PRO ICE AM5 LGA 1718, ATX, DDR5, 4x M.2, PCIe 5.0, USB4, Wi-Fi 7, 2.5GbE LAN, EZ-Latch, 5-Year Warranty","359.99","4.7",222,"GIGABYTE"
224,"ASUS TUF Gaming GeForce RTX 5070 Ti OC Edition 16GB GDDR7 TUF-RTX5070TI-O16G-GAMING PCI-Express 5.0 DLSS 4.0 Graphics Card","1099.99","4.7",27,"ASUS"
225,"AMD Ryzen 9 9900X - Ryzen 9 9000 Series Granite Ridge (Zen 5) 12-Core 4.4 GHz - Socket AM5 120W - Radeon Graphics Processor - 100-100000662WOF","402.26","4.7",183,"AMD"
226,"MSI PRO B550M PRO-VDH WIFI AM4 AMD B550 SATA 6Gb/s USB 3.0 Micro ATX AMD Motherboard","109.99","4.3",1939,"MSI"
227,"Phanteks XT Pro Ultra, Mid-Tower Gaming Chassis, 4x M25-140 Fans Included, High Airflow Performance Mesh, Tempered Glass Window, USB-C 3.2 Gen2, Black","95.99","4.7",177,NULL
228,"ASUS TUF GAMING X870-PLUS WIFI AMD AM5 X870 ATX motherboard, 16+2+1, 80A SPS power stages, DDR5, PCIe 5.0 Ready, four M.2 slots, Wi-Fi 7, 2.5Gb LAN, HDMI, USB4 40Gbps, SATA 6 Gbps, USB 20Gbps Type-C","279.99","4.1",145,"ASUS"
229,"SAMSUNG 990 EVO PLUS SSD 1TB, PCIe Gen 4x4 | Gen 5x2 M.2 2280, Speeds Up-to 7,150 MB/s, Upgrade Storage for PC/Laptops, HMB Technology and Intelligent Turbowrite 2.0 (MZ-V9S1T0B/AM)","79.0","4.8",183,"SAMSUNG"
230,"MSI PRO B650-S WIFI AM5 AMD B650 Ryzen 7000 DDR5 PCI-E x16 slot  Wi-Fi 6E Bluetooth SATA 6Gb/s ATX Motherboard","159.99","4",661,"MSI"
231,"GIGABYTE X870 GAMING WIFI6 AM5 LGA 1718, ATX, DDR5, 3x M.2, PCIe 5.0, USB4, WIFI 6, 2.5GbE LAN, EZ-Latch, 5-Year Warranty","193.99","4.5",390,"GIGABYTE"
232,"AMD Ryzen 9 9950X - Ryzen 9 9000 Series Granite Ridge (Zen 5) 16-Core 4.3 GHz - Socket AM5 170W - Radeon Graphics Processor - 100-100001277WOF","548.99","4.7",183,"AMD"
233,"G.SKILL Trident Z5 RGB Series 64GB (2 x 32GB) 288-Pin PC RAM DDR5 6400 (PC5 51200) Desktop Memory Model F5-6400J3239G32GX2-TZ5RK","239.99","4.4",1228,"G.SKILL"
234,"MSI MEG X870E GODLIKE AM5 AMD X870E SATA 6Gb/s Extended ATX Motherboard","1179.99","4",63,"MSI"
235,"Intel Core i9-14900K - Core i9 14th Gen 24-Core (8P+16E) LGA 1700 125W Intel UHD Graphics 770 Desktop Processor - Boxed - BX8071514900K","449.99","3.7",194,"Intel"
236,"ASUS TUF Gaming GeForce RTX 5080 16GB GDDR7 OC Edition TUF-RTX5080-O16G-GAMING PCI-Express 5.0 DLSS 4.0 Graphics Card","1799.0","4.5",38,"ASUS"
237,"SAPPHIRE Radeon RX 7900 XT 20GB GDDR6 PCI Express 4.0 Video Card 21323-01-20G","989.9","4.6",279,"Sapphire Tech"
238,"CORSAIR RMx Series RM850x ATX Power Supply - Fully Modular - ATX 3.1 - PCIe 5.1 - Cybenetics Gold - Low-Noise - Japanese Capacitors - 850 Watts","134.99","4.7",904,"Corsair"
239,"MSI - MAG A850GL PCIE5, 80+ GOLD Fully Modular Gaming PSU, 12V-2x6 Cable,ATX 3.1 & PCIE 5.1 Ready, 850W Power Supply, 10 Year Warranty","119.99","4.8",82,"MSI"
240,"WD_BLACK 4TB SN850X NVMe Internal Gaming SSD Solid State Drive - Gen4 PCIe, M.2 2280, Up to 7,300 MB/s - WDS400T2X0E","279.99","4.8",1088,"Western Digital"
241,"Cooler Master Hyper 212 Black CPU Air Cooler, SickleFlow 120mm Fan, Aluminum Top Cover, 4 Copper Heat Pipes, CryoFuze, 152mm(H), Brackets AMD Ryzen AM5|AM4, Intel LGA 1851|1700|1200 (RR-S4KK-25SN-R1)","34.99","4.4",45,"Cooler Master"
242,"MSI MAG B650 TOMAHAWK WIFI AM5 AMD B650 SATA 6Gb/s DDR5 Ryzen 7000 ATX Motherboard","209.99","4",661,"MSI"
243,"MSI MPG MPG X870E EDGE TI WIFI AM5 AMD X870E SATA 6Gb/s  5G LAN DDR5 M.2 Wi-Fi 7 ATX Motherboards","329.99","4.7",40,"MSI"
244,"Intel Core i7-12700K - Core i7 12th Gen Alder Lake 12-Core (8P+4E) 3.6 GHz LGA 1700 125W Intel UHD Graphics 770 Desktop Processor - BX8071512700K","219.97","4.9",512,"Intel"
245,"SAPPHIRE PULSE Radeon RX 7900 XT 20GB GDDR6 PCI Express 4.0 x16 ATX Graphics Card 11323-02-20G","728.37","4.6",279,"Sapphire Tech"
246,"GIGABYTE Z790 S WIFI DDR4 LGA 1700 Intel Z790 ATX Motherboard with DDR4, Triple M.2, PCIe 4.0, USB 3.2 Gen2 Type-C, 2.5GbE LAN, PCIe EZ-Latch, Multi-Key","139.99","4.4",25,"GIGABYTE"
247,"SAMSUNG 990 EVO PLUS SSD 4TB, PCIe Gen 4x4 | Gen 5x2 M.2 2280, Speeds Up-to 7,250 MB/s, Upgrade Storage for PC/Laptops, HMB Technology and Intelligent Turbowrite 2.0 (MZ-V9S4T0B/AM)","259.99","4.8",183,"SAMSUNG"
248,"Corsair SF Series (2024) SF1000, 80 PLUS Platinum, Fully Modular SFX Power Supply, CP-9020257-NA","229.99","4.5",141,"Corsair"
249,"G.SKILL Trident Z5 Neo RGB Series 64GB (2 x 32GB) 288-Pin PC RAM DDR5 6000 (PC5 48000) Desktop Memory Model F5-6000J3040G32GX2-TZ5NR","214.99","4.6",578,"G.SKILL"
253,"WIREHARD 62 in 1 Precision Screwdriver Set Repair Tool Kit - Magnetic Steel Specialty Bits for All iPhone and Smartphone Models, MacBook, Desktop Laptop Computer, Xbox, PlayStation, Electronics, Toys","12.99","4.8",29,NULL
254,"TPM 2.0  Module Fit For GIGABYTE GC-TPM2.0 SPI TPM Module (12 Pin 12-1)","20.15","4.3",6,NULL
255,"CML Supply Anti-Static Wrist Strap Grounding Cord with Adjustable Band","6.29",NULL,NULL,NULL
256,"CAMPARK 4K Dash Cam 3 Channel 1440P+1080P+1080P Car Camera Driving Recorder with IR Night Vision, Capacitor, Parking Mode, G-Sensor, Support 256GB","59.99","4.1",31,NULL
257,"RM Italy KL 203P Mobile HF Linear Amplifier","99.0","4.4",13,NULL
258,"502pc Assorted PC Computer Screws Set | Motherboard Standoffs Screw Kit for HDD Hard Drive, Case, Fan, Graphics, Chassis, ATX Case for DIY & Repair","23.88","5",1,NULL
259,"IFIXIT Essential Electronics Toolkit | IF145-348-5","29.95","4.9",20,NULL
260,"780PC Computer Screw Kit, Computer Screw Standoffs Set Kit for Hard Drive Computer Case Motherboard Fan Power Graphics with a Screwdriver","28.88","5",1,NULL
261,"OBD2 Scanner TOPDON TopScan Bluetooth Wireless Car Diagnostic Scan Tool  for iOS & Android, Bidirectional Scan, Check Engine Car Code Reader","79.99",NULL,NULL,NULL
262,"iFixit Moray Driver Kit - 32 Precision Driver Bits for Smartphones, Game Consoles & Small Electronics Repair","19.95",NULL,NULL,NULL
263,"M.2 Screw Kit,Nvme Screw M.2 Ssd Mounting Kit,Compatible Asus Motherboard","7.99","5",2,NULL
264,"KUTUMAI Screwdriver Bits Magnetic Portable Case 63 in 1 Set Multifunctional Pocket Mini Repair Tool Kit for Electronics, Tablet, Xiaomi Iphone Computer Tri Wing Torx Screwdrivers Mini Screwdriver","19.95","4.5",20,NULL
265,"iFixit Pro Tech Toolkit - Electronics, Smartphone, Computer & Tablet Repair Kit","74.95","4.9",20,NULL
266,"GOOLOO GP4000 4000A Peak Car Battery Jump Starter, Portable Battery Booster for Up to All Gas or 10L Diesel Engine, SuperSafe 12V Lithium Jump Box Power Pack with Jumper Cable,Red","79.99",NULL,NULL,NULL
267,"Vantrue N2 Pro-G Uber Dual Dash Cam Infrared Night Vision, Dual Channel 1080P Front and Inside Dash Cam, 2.5K Single Front Car Accident Dash Camera, 24hr Motion Sensor Parking Mode Upgrade","95.99","4",6,NULL
268,"iFixit Manta Driver Kit. Includes iFixit's Widest Assortment of 112 Steel Bits—Complete With Every Drive Style and Size You'll Need For any Repair. Model IFXIF1453921","69.95","4.9",20,NULL
269,"REDTIGER Dash Cam 4K Front and Rear 1080P, WiFi GPS Car Camera with Free 32GB SD Card, Dual Dash Camera for Cars, Loop Recording, Night Vision, Parking Mode, Smart App Control, Support 256GB Max","89.99",NULL,NULL,NULL
270,"502PC Computer Motherboard Screws Kit, Motherboard Standoffs Screws for Universal HDD Hard Drive, SSD, PC Case, PC Fan, Power Supply, Graphics, CD-ROM, ATX Case, for DIY PC Installation & Repair","26.56","5",1,NULL
271,"Portable Car Stereo Receiver Apple Carplay Android Auto 7 Inch Full HD Touch Screen","39.99",NULL,NULL,NULL
272,"Pcie Nvme M.2 Ssd Mounting Screws Kit For Asus Gigabyte Asrock Msi Motherboards, 30Pcs","7.99","5",5,NULL
273,"GOOLOO A3 Jump Starter with Air Compressor, 3000A Portable Car Battery Booster (9.0 Gas/6.5L Diesel) with 150PSI Auto-Shutoff Tire Inflator, 12V Lithium Jump Box Car Battery Jumper Starter","69.99","5",1,NULL
274,"VTOMAN X7 4250A Jump Starter with Air Compressor, Car Starter with 160PSI Digital Tire Inflator,99.2Wh 12V Lithium Battery Charger Booster Box with Type-C Quick Charge for Up 10L Gas/10L Diesel Engine","99.99","5",1,NULL
275,"Used - Like New Google Nest 3rd Gen Learning Thermostat Wire Base Plate Only - NO THERMOSTAT - Open Box","29.99",NULL,NULL,NULL
276,"Vantrue N4-G Dual Dash Cam 3 Channel 1440P Front & 1080P Inside & 1080P Rear Triple Dash Camera with Infrared Night Vision, Super Capacitor, 24 Hours Parking Mode, Motion Detection, Support 256GB Max","196.99","4.2",33,NULL
277,"OBDSTAR X300M Special for Odometer Adjustment and OBDII Support Mercedes Benz & MQB VAG KM Function",NULL,NULL,NULL,NULL
278,"Acaigel Power Sliding Door Cable Kit (without Motor) LH / RH For Honda Odyssey 11-20","43.25",NULL,NULL,NULL
279,"Diagonal Pliers Diagonal Cutting Pliers Cable Wire Cutter Repair Hand Tool 5 inch Cutting Pliers Hight Carbon Steel Plastic Tweezers","8.99",NULL,NULL,NULL
280,"iFixit Mako Driver Kit - 64 Precision Bit Set for Electronics Repair","44.99","5",4,NULL
281,"Internal Mini 4Pin PC Computer Case Mainboard Buzzer Speaker Beep BIOS Alarm","6.79","4.6",9,NULL
282,"Dual Dash Cam Hardwire Kit Included FHD 1080p+1080p Front Inside Cabin Car Camera Driving Recorder with Infrared Night Vision WDR G-Sensor Loop Recording for Taxi Rideshare","59.99","4.6",32,NULL
283,"VCELINK Mini Screwdriver Set with 42 Bits, 45 in 1 Small Precision Magnetic Tiny Screwdriver Bit Kit with Tweezers & Extension Shaft for Laptop, PC, Phone, Computer, Game Console","15.99","5",1,NULL
284,"4000A Peak GOOLOO SuperSafe Car Jump Starter (All Gas, up to 10.0L Diesel Engine) 12V Auto Battery Jumper Booster + USB Quick Charge and Type C Port, Portable Power Pack for Trucks, SUVs","89.99",NULL,NULL,NULL
285,"Vantrue N2 Pro Uber Dual Dash Cam Infrared Night Vision, Dual Channel 1080P Front and Inside, 2.5K Single Front Car Accident Dash Camera, 24hr Motion Sensor Parking Mode, Support 256GB max","106.99","4.2",49,NULL
286,"REDTIGER A4 Dash Cam Front and Rear with 5.8GHz WiFi, 2"" Touch Screen, and Free 64GB Card  Advanced Car DVR with Parking Monitoring and Loop Recording","99.99",NULL,NULL,NULL
287,"Laptop Screw Set Pc M2 M3 M2.5 Screw Standoffs For Universal Laptops And Hard Drive Disk M.2 Ssd, 355 Pieces","15.08","5",1,NULL
288,"Raspberry Pi 5 8GB RAM Broadcom BCM2712 Arm Cortex-A76 2.4GHz Quad-core 64-bit Single Board Computer","89.99",NULL,NULL,NULL
289,"ELEGOO SATURN 4 ULTRA 12K 3D PRINTER","399.99","5",1,"ELEGOO"
290,"ELEGOO Saturn 3 UItra-E MSLA 3D Printer","289.99","5",1,"ELEGOO"
291,"Raspberry Pi 5 16GB RAM","132.99",NULL,NULL,NULL
292,"ELEGOO Mercury Plus 3.0 Wash and Cure Station","145.99",NULL,NULL,"ELEGOO"
293,"ELEGOO 8K 3D Printer Resin, Water Washable Resin 405nm UV-Curing Resin, Best for Saturn 2 8K LCD 3D Printer Space Grey 1000G","23.99","5",1,"ELEGOO"
294,"D96 Drone with 4K HD Dual Camera Obstacle Avoidance Foldable Drone 3 Batteries 36mins Flight Time for Adults and Beginners","48.99","4",1,NULL
295,"ELEGOO SATURN 4 ULTRA 16K RESIN 3D PRINTER","500.99",NULL,NULL,"ELEGOO"
296,"Raspberry SC1148 Official Active Cooler for Raspberry Pi 5","10.99",NULL,NULL,NULL
297,"Flashforge Adventurer 5M Pro 3D Printer, 600mm/s High Speed 3D Printer with Auto Leveling, PEI Plate, CoreXY Structure, Quick-release Nozzle and Dual-layer Filtration, 8.7 x 8.7 x 8.7''","449.0",NULL,NULL,NULL
298,"Raspberry Pi 5 8GB Start Kit Pro","178.88","5",1,NULL
299,"Raspberry Pi 4 Model B 2019 Quad Core 64 Bit WiFi Bluetooth (4GB)","61.44","5",1,NULL
301,"PHROZEN Sonic Mighty 4K LCD Resin 3D Printer with 9.3 inch 4K Monochrome LCD Print Screen, UV ParaLED Light, Large Print Volume, Made in Taiwan.","199.99",NULL,NULL,"PHROZEN"
302,"Raspberry Pi SC1176 Pi zero 2w Single Board Computer, RP3A0-AU, 64bit, ARM, Cortex-A53","23.98",NULL,NULL,NULL
303,"ELEGOO Mercury XS Bundle with Separate Washing and Curing Station for Large Resin 3D Printed Models, Compatible with Saturn and Mars LCD 3D Printers, with a Handheld UV Lamp","135.99",NULL,NULL,"ELEGOO"
304,"Raspberry Pi 4 Model B 4GB 2019 Quad Core 64 Bit WiFi Bluetooth C1208-4GB","61.49",NULL,NULL,NULL
305,"DJI Air3s Professional HD dual-camera aerial drone with omni-directional obstacle avoidance and auto-tracking, Remote Control With Screen, 3 batteries","1790.0",NULL,NULL,NULL
306,"Coloful Magnet Balls Toy - 1000 PCS 5mm Magnetic Balls Cube Fidget Gadget Toys ,Toys Magnetic Beads Stress Relief Toys for Adults","48.99","2",2,NULL
307,"DJI Mini4 Pro Aerial Drone with Screen Remote, a new upgraded and modernized mini quadcopter 3 batteries","1290.0","5",1,NULL
308,"ELEGOO MARS 5 ULTRA 3D PRINTER","279.99",NULL,NULL,"ELEGOO"
309,"SUNLU Filament Dryer Box S4, 3D Printer Filament Dehydrator for Nylon TPU PLA PETG ABS, 4 Spools Capacity, Rapid Heating, 70 Max Temperature, 3 Circulation Fans","127.0","5",1,NULL
310,"ELEGOO Neptune 4 FDM 3D Printer","227.99","3.9",428,"ELEGOO"
311,"ELEGOO Mars 4 Resin 3D Printer","189.99",NULL,NULL,"ELEGOO"
312,"Wits & Wagers Vegas Board Game","33.99",NULL,NULL,NULL
313,"eSUN PLA+ Filament 1.75mm, 3D Printer Filament PLA Plus, Dimensional Accuracy +/- 0.03mm, 1KG Spool (2.2 LBS) 3D Printing Filament for 3D Printers","21.99",NULL,NULL,NULL
314,"HOVERAir Beacon Drone Beacon","139.99",NULL,NULL,NULL
315,"Pokemon TCG SV8A Scarlet & Violet Terastal Festival Class Enhanced Expansion Booster Box (Japanese Edition)","139.99",NULL,NULL,NULL
316,"Pokemon Scarlet & Violet Paradox Rift | Booster Display (36 Packs)","229.99",NULL,NULL,NULL
317,"OVERTURE PLA Filament 1.75mm PLA 3D Printer Filament, 1kg Cardboard Spool (2.2lbs), Dimensional Accuracy +/- 0.03mm, Fit Most FDM Printer (Black*2)","39.99",NULL,NULL,NULL
318,"Pokemon Scarlet & Violet 151 | Booster Pack","19.99",NULL,NULL,NULL
319,"Pimoroni PIM677 Pibow Coupe 5 (Case for Raspberry Pi 5)  Ninja","12.99",NULL,NULL,NULL
320,"Longer RAY5 20W B1 20W B1 30W B1 40W Laser Air Assist Nozzle Kit","25.99",NULL,NULL,NULL
321,"D89 RC Drone with 720P HD Camera for Kids FPV RC Quadcopter Intelligent 3 Sides Obstacle Avoidance,Great Gift for Children Adults Play Indoor and Outdoor 3 BatteriesBlack","39.99",NULL,NULL,NULL
322,"eufy Security S380 HomeBase (HomeBase 3),eufy Edge Security Center, Local Expandable Storage up to 16TB, eufy Security Product Compatibility, Advanced Encryption, No Monthly Fee","149.99","4",7,NULL
323,"eufy Security SoloCam S340, Solar Security Camera, Wireless Outdoor Camera, 360° Surveillance, No Blind Spots, 2.4 GHz Wi-Fi, No Monthly Fee, HomeBase S380 Compatible","199.99","4.3",4,NULL
324,"eufy Security Floodlight Camera E340 Wired, 360° Pan and Tilt, 24/7 Recording, Dual-Band Wi-Fi, 2,000 Lumens, Motion-Activated, Dual Camera, HomeBase 3 Compatible, Local Storage, No Monthly Fee","219.99",NULL,NULL,NULL
325,"eufy Security Video Doorbell E340 (Battery Powered), Dual Cameras with Delivery Guard, 2K Full HD and Color Night Vision, HomeBase S380 Compatible, No Monthly Fee","179.99",NULL,NULL,NULL
326,"eufy Security Indoor Cam S350, Dual Cameras, 4K UHD Resolution Security Camera with 8× Zoom and 360° PTZ, Human/Pet AI, Ideal for Baby Monitor/Pet Camera/Home Security, Dual-Band Wi-Fi 6, Plug in","129.99",NULL,NULL,NULL
327,"Ring Rechargeable Battery Pack, Ring Video Doorbell 2 and Spotlight Cam Battery","21.95",NULL,NULL,NULL
328,"Ring Chime Pro (2nd Generation) Wi-Fi Extender Compatible with all Ring devices - White","39.95","5",4,NULL
329,"Kasa Smart WiFi Plug Lite by TP-Link (2-Pack) -12 Amp & Reliable Wifi Connection, Compact Design, No Hub Required, Works With Alexa Echo & Google Assistant (HS103P2), White","14.99","5",1,"TP-Link"
330,"TP-Link Tapo Smart Home Security WiFi Camera, Records in 1080p (Full HD) | Up to 30 ft Night Vision | Up to 128 GB microSD Card Slot | Works w/Alexa and Google (Tapo C100)","14.99",NULL,NULL,"TP-Link"
331,"Hiseeu 4MP Wireless WIFI Solar Battery Security Camera, Outdoor IP66 Waterproof, Eseecloud APP,2-Way Audio,PTZ Security Camera","29.99","5",1,NULL
332,"RING Floodlight Cam Wired Plus Motion-Activated 1080p HD Black","129.99",NULL,NULL,NULL
333,"TP-Link Tapo Pan/Tilt Security Camera for Baby Monitor, Pet Camera w/ Motion Detection, 1080P, 2-Way Audio, Night Vision, Cloud & SD Card Storage, Works with Alexa & Google Home (Tapo C200)","16.99",NULL,NULL,"TP-Link"
334,"TP-Link Tapo 2K QHD Security Camera, Indoor/Outdoor, Color Night Vision, Free Person/Pet/Vehicle Detection, Invisible IR Mode, SD Storage (Tapo C120)","24.99","5",1,"TP-Link"
335,"TP-LINK Tapo P125M Mini Smart Wi-Fi Plug | Pack of 3","20.33",NULL,NULL,"TP-Link"
336,"eufy Security Solo IndoorCam P24, 2K Pan & Tilt Security Indoor Camera, Plug-in Camera with Wi-Fi, Human & Pet AI, Voice Assistant Compatibility, Night Vision, Motion Tracking, HomeBase not Compatible","54.99","4.7",34,NULL
337,"Refurbished eufy Security Floodlight Camera E340 Wired,360° Pan and Tilt,24/7 Recording,Dual-Band Wi-Fi, 2,000 Lumens,Motion-Activated,Dual Camera,HomeBase 3 Compatible,Local Storage,No Monthly Fee (Renewed)","129.99","5",1,NULL
338,"Monster Hunter Wilds - PC [Steam Online Game Code]","62.99","4.6",10,NULL
339,"H&R Block Tax Software Deluxe + State 2024 PC/Mac [Download]","49.99","4.2",447,NULL
340,"Arlo Essential Wire-Free Video Doorbell - HD Video, 180° View, Night Vision, 2 Way Audio, Direct to Wi-Fi No Hub Needed, Wire Free or Wired, White - AVD2001","54.99","3.8",12,NULL
341,"AOACE Gaming PC Desktop INTEL Core i5 12400F 2.5 GHz, NVIDIA RTX 4060 8G DLSS 3, 32GB DDR4 RAM 3200MHz,1TB NVMe PCIe4.0,  Wi-Fi6E, Game Design Office console,Sea View Room,Windows 11 Home 64-bit","849.99","4.2",180,NULL
342,"Microsoft Windows 11 Home (USB)","138.99","4.3",814,"Microsoft"
343,"Reolink Duo 3V PoE 8K 16MP 180° Dual-Lens PoE IP Camera, IK10 Vandal-Proof, Person/Vehicle/Animal Detection, Spotlight Color Night Vision, IP67 Weatherproof","179.99",NULL,NULL,NULL
344,"ASUS 27"" 170Hz WQHD (2560 x 1440) Gaming Monitor 1ms Freesync Premium™– Overclock to Extreme Low Motion Blur™, Shadow Boost, HDR, DisplayWidget Lite TUF Gaming VG27AQA1A (above 144Hz)","169.99","4.4",119,"ASUS"
345,"H&R Block Tax Software Deluxe 2024 PC/Mac [Download]","39.99","4.2",447,NULL
346,"eufy Security Indoor Cam C220, 2K Resolution Security Camera with 360° PTZ, Plug-in Security Indoor Camera with 2.4G Wi-Fi, Human/Motion AI, Night Vision, AI Tracking, HomeBase S380 Compatible","34.88",NULL,NULL,NULL
347,"MSI - 15.6"" GeForce RTX 4060 Laptop GPU - AMD Ryzen 9 8945HS - 16GB Memory - 1 TB PCIe SSD - Windows 11 Home 64-bit Gaming Laptop - 144 Hz IPS (Thin A15 B8VF-270US )","1029.99","4",79,"MSI"
348,"H&R Block Tax Software Premium 2024 PC/Mac [Download]","76.99","4.2",447,NULL
349,"TP-Link Tapo 2K Outdoor Pan/Tilt Security Wi-Fi Camera, 360° View, Motion Tracking, Compatible with Alexa & Google Home, Night Vision, Free AI Detection, Up to 512GB Storage (Tapo C510W)","39.99","5",1,"TP-Link"
350,"ASUS 27"" 240 Hz OLED UHD Gaming Monitor FreeSync Premium Pro & G-Sync Compatible DCI-P3 99%, sRGB 145% ROG Swift OLED PG27UCDM","1199.99","4.8",42,"ASUS"
351,"Princess Cruises $500 Gift Card (Email Delivery)","500.0","4.8",83,NULL
352,"Tapo 1080P Outdoor Wired Pan/Tilt Security Wi-Fi Camera, 360° View, Motion Tracking, Works with Alexa & Google Home, Night Vision, Free AI Detection, Cloud & SD Card Storage(up to 512GB) (Tapo C500)","29.99","5",2,"TP-Link"
353,"Final Fantasy XIV Online: 60 Day Time Card [Online Game Code]","29.99","4.6",167,NULL
354,"Carnival Cruise $500 Gift Card (Email Delivery)","500.0","4.8",145,NULL
355,"Ubiquity G5 Bullet (UVC-G5-Bullet)","144.11",NULL,NULL,NULL
356,"ABS Cyclone Aqua Gaming PC Powered by Asus - Windows 11 - Intel i5 13400F - GeForce RTX 4060 8GB - DLSS 3 - AI-Powered Performance - 32GB DDR4 3200MHz - 1TB M.2 NVMe SSD - CA13400F40602","899.99","4.5",308,"ABS"
357,"Quicken Classic Deluxe - 1 Year Subscription (Windows/Mac) [Key Card]","41.93","4.9",203,NULL
358,"TP-Link Tapo 2K QHD Outdoor Pan/Tilt Wi-Fi Security Camera, 360° View, Motion Tracking, Color Night Vision, Free Person/Vehicle/Motion Detection, Cloud & SD Card Storage, 24/7 Recording (Tapo C520WS)","55.99",NULL,NULL,"TP-Link"
359,"EVGA X12 Gaming Mouse, 8k, Wired, Black, Customizable, Dual Sensor, 16,000 DPI, 5 Profiles, 8 Buttons, Ambidextrous Light Weight, RGB, 905-W1-12BK-KR","9.99","4",428,NULL
360,"Monster Hunter Wilds - PC [Steam Online Game Code]","62.99","4.6",10,NULL
361,"TP-Link Tapo Smart Home Security WiFi Camera, Records in 1080p (Full HD) | Up to 40 ft Night Vision | Up to 512 GB microSD Card Slot | C100(4-Pack)","47.99",NULL,NULL,"TP-Link"
362,"Meta Quest 3S 128GB — Get Batman: Arkham Shadow and a 3-Month Trial of Meta Quest+ Included — All-In-One Headset","269.99","4.8",21,"Meta Quest"
363,"H&R Block Tax Software Premium & Business 2024 PC Only [Download]","93.99","4.2",447,NULL
364,"Wireless Security WiFi Camera Mini Hidden Spy Small IP Cameras Smart Home Night Virsion Magnetic Camcorder Surveillance,Built-in Battery, APP Real-time View,Card Direct Recording, 150°Wide Angle","46.99","1",1,NULL
365,"MSI Aegis Z Gaming Desktop PC, AMD Ryzen 7 7700, RTX 4060, 32GB DDR5, 2TB NVMe SSD, Windows 11 Home 64-bit, Aegis Z2 C7NUC-1207US","1199.0","4.3",99,"MSI"
366,"Microsoft Windows 11 Pro (USB)","198.99","4.3",814,"Microsoft"
367,"Mini Spy Camera Include 32G SD Card Hidden Camera HD Audio and Video Recording, Night Vision Motion Detection, Surveillance Camera Small Dog Camera Nanny Cam Baby Monitor Home Security Camera","25.49",NULL,NULL,NULL
368,"EVGA X15 MMO Gaming Mouse, 8k, Wired, Black, Customizable, 16,000 DPI, 5 Profiles, 20 Buttons, Ergonomic 904-W1-15BK-K3","19.99","4.5",8,NULL
369,"Microsoft Windows 11 Home 64-bit, DVD - OEM","119.99","4.3",814,"Microsoft"
370,"REOLINK Duo 3 PoE 16MP 8K UHD Dual-Lens PoE Security Camera with 180° Panoramic View, Motion Track, F1.6 Color Night Vision, Person/Vehicle/Animal Detection, Supports 24/7 Recording,","179.99","3",1,NULL
371,"YAWYORE Gaming PC Desktop computer AMD Ryzen 5 5600GT,16GB DDR4 3200MHz,1TB M.2 NVMe PCle4.0 Gen4,550W 80PLUS PSU,WiFi,Game Design Office console,Sea View Room,Windows 11 Tower Prebuilt PC","419.99","4.2",20,NULL
372,"Xbox $100 Gift Card (Email Delivery)","100.0","4.7",260,"Microsoft"
373,"TOUCAN Indoor / Outdoor Wireless Security Camera S4",NULL,NULL,NULL,NULL
374,"AVGPC Max Gaming PC, AMD Ryzen 5 5600G 6-Core 4.4 GHz Max Boost, AMD Radeon Vega 7 (GPU upgrade ready up to RTX 4070), 16GB 3200MHz DDR4, 1TB M.2 NVMe SSD, Hyper 212 RGB Cooler, Windows 11, Wi-Fi/AC","529.99","4.5",104,"AVGPC"
375,"Bitdefender Total Security 2025 - 5 Devices / 2 Years - Download","69.99","4.5",362,NULL
376,"Ring RINGSMRTBULB A19 LED Smart Bulb - White","10.0",NULL,NULL,NULL
377,"Meta Quest 3 512GB — The Most Powerful Quest — Ultimate Mixed Reality Experiences — Get Batman: Arkham Shadow and a 3-Month Trial of Meta Quest+ Included","499.99","4.8",21,"Meta Quest"
378,"Microsoft Windows 11 Pro 64-bit, DVD - OEM","146.17","4.3",814,"Microsoft"
379,"TP-Link Tapo Smart Home Security WiFi Camera, Records in 1080p (Full HD) | Up to 40 ft Night Vision | Up to 512 GB microSD Card Slot | Works w/Alexa and Google (Tapo C101)","14.75",NULL,NULL,"TP-Link"
380,"ASRock Phantom PG27Q15R2A 27"" QHD 2560 x 1440 (2K) 165 Hz (144Hz and higher) Wi-Fi Antenna FreeSync Premium (AMD Adaptive Sync) Built-in Speakers Curved Gaming Monitor","152.77","4.6",169,NULL
381,"Microsoft Windows 11 Home (Digital Download)","138.99","4.2",57,"Microsoft"
382,"Ubiquiti G5 PTZ, Compact, all-weather pan-tilt-zoom camera (UVC-G5-PTZ)","299.0",NULL,NULL,NULL
383,"Acer Nitro KG271U 27inch 2560x1440 240Hz Refresh rate 0.5ms response time AMD FreeSync Premium Acer HDR350 Gaming Monitor, HDMIx2, DisplayPort, Speaker","279.99","4.1",60,"Acer America"
384,"Nintendo eShop $50 Gift Card (Email Delivery)","50.0","4.9",120,NULL
385,"Refurbished eufy Security Video Doorbell Dual Camera (Wired) with Chime, Dual Cam, Delivery Guard, 2K with HDR, No Monthly Fee, 16-24V, 30VA (Renewed)","83.65",NULL,NULL,NULL
386,"Assassin's Creed Shadows Standard Edition Xbox Series X|S [Digital Code]","69.99","5",1,NULL
387,"Quicken Classic Premier - 1 Year Subscription (Windows/Mac) [Key Card]","57.38","4.9",203,NULL
388,"Reolink Argus 4 Pro with With 6W White Solar Panel 4K Battery Camera ColorX Night Vision, 180° Blindspot-Free View, Outdoor Camera with Dual-Band Wi-Fi 6, Smart AI Detection, Home Hub Compatible","149.99",NULL,NULL,NULL
389,"Acer Nitro XZ320Q S3bmiiphx 31.5-inch 1500R Curved Zero-Frame Full HD (1920 x 1080) Gaming Monitor with AMD FreeSync Premium Technology, 180Hz Refresh Rate, 1ms VRB, HDR10","139.99","4.9",16,"Acer America"
390,"Final Fantasy XIV Online: 60 Day Time Card [Online Game Code]","29.99","4.6",167,NULL
391,"Philips Hue A19 LED Smart Light Bulb - White and Color Ambiance - 60W Indoor Light Bulb - Control with Hue App - Works with Alexa, Google Assistant and Apple Homekit - 3 Pack","99.99",NULL,NULL,NULL
392,"MSI MAG 321UPX QD-OLED 32"" 16:9, QD-OLED Gaming Monitor, 240Hz 0.03ms, 3840 x 2160 (UHD), Height Adjustable Arm","849.99","4.7",252,"MSI"
393,"Lowe's $100 Gift Card (Email Delivery)","100.0","4.9",262,NULL
394,"Acer 27"" 170 Hz VA QHD gaming monitor FreeSync Premium (AMD Adaptive Sync) 72% NTSC Nitro ED270U P2bmiipx","249.99","4.4",144,"Acer America"
395,"Malwarebytes Premium - 3 Device / 1 Year - Download","34.99","4.6",218,NULL
396,"ABS Cyclone Aqua Gaming PC - Windows 11 - Intel Core i5-14400F - GeForce RTX 4060 - DLSS 3 - AI-Powered Performance - 32GB DDR5 6000MHz - 1TB M.2 NVMe SSD - CA14400F40603","929.99","4.2",40,"ABS"
397,"Microsoft Windows 11 Pro (Digital Download)","199.98","4.2",57,"Microsoft"
398,"MSI Cyborg - 15.6"" GeForce RTX 4050 Laptop GPU - Intel Core i7-13620H - 16GB Memory - 512 GB SSD - Windows 11 Home Gaming Laptops - 144 Hz IPS (A13VE-218US )","969.0","4.7",20,"MSI"
399,"Norton 360 for Gamers for up to 3 Devices (2024 Ready), 13 Month Subscription with Auto Renewal - NEWEGG EXCLUSIVE, Download","19.99","4",6,NULL
400,"WD_BLACK 2TB SN850X NVMe Internal Gaming SSD Solid State Drive with Heatsink - Works with Playstation 5, Gen4 PCIe, M.2 2280, Up to 7,300 MB/s - WDS200T2XHE","174.99","4.8",1088,"Western Digital"
401,"adidas $50 Gift Card (Email Delivery)","50.0","4.1",42,NULL
402,"MSI 34"" 240 Hz OLED UWQHD Gaming Monitor 97.8% Adobe RGB / 99.3% DCI-P3 / 139.1% sRGB MPG 341CQPX QD-OLED","899.99","4.8",45,"MSI"
403,"Fandango $25 Gift Card (Email Delivery)","25.0","4.5",4,NULL
404,"IPASON - Gaming desktop - AMD Ryzen 5 5600G 6 core 3.9GHz - 16GB DDR4 3200MHz - 1TB M.2 NVMe - 550W PSU - Windows 11 home - WIFI - Gaming PC","429.0","4.3",531,"IPASON"
405,"Malwarebytes Premium - 5 Devices / 1 Year - Download","49.99","4.6",218,NULL
406,"Acer Nitro VG271U M3bmiipx 27"" WQHD (2560 x 1440) IPS Monitor with AMD FreeSync Premium Technology, Up to 180Hz, Up to 0.5ms, DCI-P3 95% (1 x Display Port 1.2, 2 x HDMI 2.0 and 1 x Audio Out)","269.99","4.4",108,"Acer America"
407,"Microsoft Office Home 2024 | One time purchase, 1 Device | Windows 10/11, Mac - Download","144.99","3.8",11,"Microsoft"
408,"ASUS 24"" 120 Hz IPS FHD Monitor Adaptive-Sync VY249HGR","104.99","4.4",74,"ASUS"
409,"Assassin's Creed Shadows Standard Edition Xbox Series X|S [Digital Code]","69.99","5",1,NULL
410,"EVGA X15 MMO Gaming Mouse, 8k, Wired, Black, Customizable, 16,000 DPI, 5 Profiles, 20 Buttons, Ergonomic 904-W1-15BK-KR","46.99","4",428,NULL
411,"Chipotle $30 Gift Card (Email Delivery)","30.0","5",15,NULL
412,"GIGABYTE - M28U - 28"" IPS Gaming Monitor - UHD 3840x2160 - 144Hz - 1ms GTG - AMD FreeSync Premium Pro - Type C KVM - HDMI, DP, Type C - Height Adjustable - Black","399.99","4.3",193,"GIGABYTE"
413,"Bitdefender Total Security 2025 - 10 Devices / 2 Years - Download","84.99","4.5",362,NULL
414,"MSI 32"" 240 Hz OLED UHD Gaming Monitor Adaptive Sync MPG 321CURX QD-OLED","999.99","4.9",67,"MSI"
415,"Vudu $25 Gift Card (Email Delivery)","25.0","4.2",13,NULL
416,"Split Fiction Xbox Series X|S [Digital Code]","44.99","5",1,NULL
417,"Microsoft Windows 11 Pro Upgrade [from Home to Pro] [Digital Download]","99.0","4.2",57,"Microsoft"
418,"ASUS TUF Gaming 23.8” 1080P Curved Gaming Monitor (VG24VQ1BY) - Full HD, 165Hz (Supports 144Hz), 1ms, Extreme Low Motion Blur, Speakers, Adaptive-sync/FreeSync Premium, Eye Care, DisplayPort, HDMI","99.99","3.6",5,"ASUS"
419,"Split Fiction Xbox Series X|S [Digital Code]","44.99","5",1,NULL
420,"MSI Forge GK100 Combo – Gaming RGB Keyboard & Mouse Set, 19-Key Anti-Ghosting, 6400 DPI Optical Sensor, 6-Mode RGB, up to 6,400 DPI, Black","29.99","4.3",146,"MSI"
421,"Microsoft 365 Family | 12-Month Subscription, up to 6 people | Premium Office Apps - now with Copilot | 1TB OneDrive cloud storage | PC/Mac Download","129.99","3.6",30,"Microsoft"
422,"EVGA X12 Gaming Mouse, 8k, Wired, White, Customizable, Dual Sensor, 16,000 DPI, 5 Profiles, 8 Buttons, Ambidextrous Light Weight, RGB, 905-W1-12WH-KR","9.99","4",428,NULL
423,"Quicken Classic Business & Personal - 1 Year Subscription (Windows) [Key Card]","77.93","4.9",203,NULL
424,"ASUS ROG Swift 32"" 4K OLED Gaming Monitor (PG32UCDM) - UHD (3840 x 2160), QD-OLED, 240Hz, 0.03ms, G-SYNC Compatible, Custom Heatsink, Graphene Film, 99% DCI-P3, True 10-bit, 90W USB-C","1199.99","4.2",69,"ASUS"
425,"Sony PlayStation Store $10 Gift Card (Email Delivery)","10.0","4.5",111,NULL
426,"ASUS 26.5"" 360 Hz OLED QHD Gaming Monitor FreeSync Premium Pro & G-Sync Compatible DCI-P3 99%, sRGB 135% ROG Strix OLED XG27ACDNG","759.99","4.8",10,"ASUS"
427,"DoorDash $100 Gift Card (Email Delivery)","88.0","4.7",23,NULL
428,"ASUS 27"" 170Hz WQHD (2560 x 1440) Gaming Monitor 1ms Freesync Premium™– Overclock to Extreme Low Motion Blur™, Shadow Boost, HDR, DisplayWidget Lite TUF Gaming VG27AQA1A (above 144Hz)","169.99","4.4",119,"ASUS"
429,"ASUS 27"" 240 Hz OLED UHD Gaming Monitor FreeSync Premium Pro & G-Sync Compatible DCI-P3 99%, sRGB 145% ROG Swift OLED PG27UCDM","1199.99","4.8",42,"ASUS"
430,"EVGA X12 Gaming Mouse, 8k, Wired, Black, Customizable, Dual Sensor, 16,000 DPI, 5 Profiles, 8 Buttons, Ambidextrous Light Weight, RGB, 905-W1-12BK-KR","9.99","4",428,NULL
431,"Logitech MK120 Wired Keyboard and Mouse Combo for Windows, Optical Wired Mouse, Full-Size Keyboard, USB Plug-and-Play, Compatible with PC, Laptop - Black","19.99","4.5",692,"Logitech"
432,"Meta Quest 3S 128GB — Get Batman: Arkham Shadow and a 3-Month Trial of Meta Quest+ Included — All-In-One Headset","269.99","4.8",21,"Meta Quest"
433,"EVGA X15 MMO Gaming Mouse, 8k, Wired, Black, Customizable, 16,000 DPI, 5 Profiles, 20 Buttons, Ergonomic 904-W1-15BK-K3","19.99","4.5",8,NULL
434,"Meta Quest 3 512GB — The Most Powerful Quest — Ultimate Mixed Reality Experiences — Get Batman: Arkham Shadow and a 3-Month Trial of Meta Quest+ Included","499.99","4.8",21,"Meta Quest"
435,"ASRock Phantom PG27Q15R2A 27"" QHD 2560 x 1440 (2K) 165 Hz (144Hz and higher) Wi-Fi Antenna FreeSync Premium (AMD Adaptive Sync) Built-in Speakers Curved Gaming Monitor","152.77","4.6",169,NULL
436,"Acer Nitro KG271U 27inch 2560x1440 240Hz Refresh rate 0.5ms response time AMD FreeSync Premium Acer HDR350 Gaming Monitor, HDMIx2, DisplayPort, Speaker","279.99","4.1",60,"Acer America"
437,"Acer Nitro XZ320Q S3bmiiphx 31.5-inch 1500R Curved Zero-Frame Full HD (1920 x 1080) Gaming Monitor with AMD FreeSync Premium Technology, 180Hz Refresh Rate, 1ms VRB, HDR10","139.99","4.9",16,"Acer America"
438,"MSI MAG 321UPX QD-OLED 32"" 16:9, QD-OLED Gaming Monitor, 240Hz 0.03ms, 3840 x 2160 (UHD), Height Adjustable Arm","849.99","4.7",252,"MSI"
439,"Acer 27"" 170 Hz VA QHD gaming monitor FreeSync Premium (AMD Adaptive Sync) 72% NTSC Nitro ED270U P2bmiipx","249.99","4.4",144,"Acer America"
440,"MSI 34"" 240 Hz OLED UWQHD Gaming Monitor 97.8% Adobe RGB / 99.3% DCI-P3 / 139.1% sRGB MPG 341CQPX QD-OLED","899.99","4.8",45,"MSI"
479,"Team Group 64GB Elite microSDXC UHS-I U3, V30, A1, 4K UHD Micro SD Card with SD Adapter, Speed Up to 100MB/s (TEAUSDX64GIV30A103)","6.99","4.5",491,"Team Group"
441,"Acer Nitro VG271U M3bmiipx 27"" WQHD (2560 x 1440) IPS Monitor with AMD FreeSync Premium Technology, Up to 180Hz, Up to 0.5ms, DCI-P3 95% (1 x Display Port 1.2, 2 x HDMI 2.0 and 1 x Audio Out)","269.99","4.4",108,"Acer America"
442,"ASUS 24"" 120 Hz IPS FHD Monitor Adaptive-Sync VY249HGR","104.99","4.4",74,"ASUS"
443,"EVGA X15 MMO Gaming Mouse, 8k, Wired, Black, Customizable, 16,000 DPI, 5 Profiles, 20 Buttons, Ergonomic 904-W1-15BK-KR","46.99","4",428,NULL
444,"GIGABYTE - M28U - 28"" IPS Gaming Monitor - UHD 3840x2160 - 144Hz - 1ms GTG - AMD FreeSync Premium Pro - Type C KVM - HDMI, DP, Type C - Height Adjustable - Black","399.99","4.3",193,"GIGABYTE"
445,"MSI 32"" 240 Hz OLED UHD Gaming Monitor Adaptive Sync MPG 321CURX QD-OLED","999.99","4.9",67,"MSI"
446,"ASUS TUF Gaming 23.8” 1080P Curved Gaming Monitor (VG24VQ1BY) - Full HD, 165Hz (Supports 144Hz), 1ms, Extreme Low Motion Blur, Speakers, Adaptive-sync/FreeSync Premium, Eye Care, DisplayPort, HDMI","99.99","3.6",5,"ASUS"
447,"MSI Forge GK100 Combo – Gaming RGB Keyboard & Mouse Set, 19-Key Anti-Ghosting, 6400 DPI Optical Sensor, 6-Mode RGB, up to 6,400 DPI, Black","29.99","4.3",146,"MSI"
448,"CyberPower CP1500PFCLCD PFC Sinewave UPS Systems - 1500VA/1000W, 120 VAC, NEMA 5-15P, Mini-Tower, Sine Wave, 12 Outlets, LCD, PowerPanel","219.95","4.4",731,NULL
449,"EVGA X12 Gaming Mouse, 8k, Wired, White, Customizable, Dual Sensor, 16,000 DPI, 5 Profiles, 8 Buttons, Ambidextrous Light Weight, RGB, 905-W1-12WH-KR","9.99","4",428,NULL
450,"ASUS ROG Swift 32"" 4K OLED Gaming Monitor (PG32UCDM) - UHD (3840 x 2160), QD-OLED, 240Hz, 0.03ms, G-SYNC Compatible, Custom Heatsink, Graphene Film, 99% DCI-P3, True 10-bit, 90W USB-C","1199.99","4.2",69,"ASUS"
451,"ASUS 26.5"" 360 Hz OLED QHD Gaming Monitor FreeSync Premium Pro & G-Sync Compatible DCI-P3 99%, sRGB 135% ROG Strix OLED XG27ACDNG","759.99","4.8",10,"ASUS"
452,"Logitech C920s HD Pro Webcam, Full HD 1080p/30fps Video Calling, Clear Stereo Audio, HD Light Correction, Works with Skype, Zoom, FaceTime, Hangouts, PC/Mac/Laptop/Macbook/Tablet - Black","69.99","4.3",230,"Logitech"
453,"Acer Nitro VG272U W2 27inch 2560x1440 IPS 240Hz Refresh rate 0.5ms response time AMD FreeSync Premium HDR400 Gaming Monitor, HDMIx2, DisplayPort, Speaker Bullet:","229.99","4.3",26,"Acer America"
454,"MSI Vigor GK30 Combo, 6-Zone RGB GK30 Gaming Keyboard & GM11 Gaming Mouse, Water Repellent & Splash-Proof, 5000 DPI","46.99","4.3",146,"MSI"
455,"GIGABYTE - GS32Q - 32"" IPS Gaming Monitor - QHD 2560x1440 - 165Hz/OC 170Hz - 1ms MPRT - AMD FreeSync Premium - HDMI, DP - Black","209.99","4.3",21,"GIGABYTE"
456,"MSI MPG 321URX QD-OLED 32"" 16:9, QD-OLED Gaming Monitor, 240Hz 0.03ms, 3840 x 2160 (UHD), Height Adjustable Arm, RGB, AI ENGINE","949.99","4.7",252,"MSI"
457,"CORSAIR K55 RGB PRO-Dynamic RGB Backlighting - Six Macro Keys with Elgato Stream Deck Software Integration-IP42 Dust and Spill Resistant-Detachable Palm Rest-Dedicated Media and Volume Keys, Black","44.99","4.4",177,"Corsair"
458,"Redragon GS550 Orpheus PC Gaming Speakers, 2.0 Channel Stereo Desktop Computer Sound Bar with Compact Maneuverable Size, Headphone Jack, Quality Bass and Decent Red Backlit, USB Powered w/ 3.5mm Cable","24.19","4.9",18,NULL
459,"Gaming Mouse Pad Large Keyboard Pad 31.5 x 11.8in Topographic Mouse Pad Black and White Mouse Pad for Keyboard with Anti-Slip Rubber Base, Extended Desk Pad XL Keyboard Pad Mouse Mat","16.99","4.9",20,NULL
460,"KTC 24 Inch 1080P Full HD Computer Monitor, 100Hz Gaming Office Monitor with HDR10, Freesync, HDMI & VGA Ports, VESA Wall Mountable,Tilt Adjustable,Eye Care,Frameless Ergonomic Design, H24V27","74.99","4.8",10,NULL
461,"GIGABYTE - M27Q X - 27"" IPS Gaming Monitor - QHD 2560x1440 - 240Hz - 1ms GTG - AMD FreeSync Premium - Type C KVM - HDMI, DP, Type C - Height Adjustable - Black","299.99","4",63,"GIGABYTE"
462,"MSI 27"" 240 Hz OLED QHD Gaming Monitor MAG 271QPX QD-OLED E2","699.0","4.9",102,"MSI"
463,"MSI MAG MT201D - Premium Heavy Duty Dual Monitor Stand Arms, 17-45"" Support, VESA Compatible, Adjustable Spring Assisted Mount, 44 lbs per Screen Capacity, Clamp & Grommet, Quick Release Plate - Black","99.99","4.4",17,"MSI"
464,"TEAMGROUP x Newegg 128GB microSDXC UHS-I U3, V30, A1 Memory card with Ultra CR I Reader, Speed Up to 100MB/s (TUSDX128GIV30A172)","15.99","5",8,"Team Group"
465,"Team Group 128GB Elite microSDXC UHS-I U3, V30, A1, 4K UHD Micro SD Card with SD Adapter, Speed Up to 100MB/s (TEAUSDX128GIV30A103)","8.99","4.5",491,"Team Group"
466,"Team 1TB Pro+ microSDXC UHS-I/U3 Class 10 Memory Card with Adapter, compatible with Nintendo-Switch, Steam Deck, and ROG Ally, Speed Up to 160MB/s (TPPMSDX1TIA2V3003)","62.99","4.5",131,"Team Group"
467,"Team 256GB PRO+ microSDXC UHS-I/U3 Class 10 Memory Card with Adapter, compatible with Nintendo-Switch, Steam Deck, and ROG Ally, Speed Up to 160MB/s (TPPMSDX256GIA2V3003)","18.99","4.5",131,"Team Group"
468,"Team 64GB microSDHC UHS-I/U1 Class 10 Memory Card with Adapter, Speed Up to 100MB/s (TUSDX64GCL10U03)","6.99","4.6",74,"Team Group"
469,"Team 512GB Pro+ microSDXC UHS-I/U3 Class 10 Memory Card with Adapter, compatible with Nintendo-Switch, Steam Deck, and ROG Ally, Speed Up to 160MB/s (TPPMSDX512GIA2V3003)","30.99","4.5",131,"Team Group"
470,"Team Group 256GB Elite microSDXC UHS-I U3, V30, A1, 4K UHD Micro SD Card with SD Adapter, Speed Up to 100MB/s (TEAUSDX256GIV30A103)","14.99","4.5",491,"Team Group"
471,"Soundcore Sleep A20 by Anker Sleep Earbuds, Noise Blocking Sleep Headphones, Small Design for Side Sleepers, 80H Playtime, Stream Content via Bluetooth 5.3, Sleep Monitor, Personal Alarm","149.99",NULL,NULL,NULL
472,"Samsung Galaxy Tab A9+ Tablet - 11"" WUXGA - Octa-core - 8 GB RAM - 128 GB Storage - Graphite - Qualcomm","249.62","4.8",4,"SAMSUNG"
473,"SanDisk 512GB microSDXC UHS-I for Nintendo Switch, Speed Up to 100MB/s (SDSQXAO-512G-GNCZN)","49.85","4.7",54,NULL
474,"Team 32GB microSDHC UHS-I/U1 Class 10 Memory Card with Adapter, Speed Up to 100MB/s (TUSDH32GCL10U03)","6.99","4.6",74,"Team Group"
475,"Soundcore by Anker Life Q30 Hybrid Active Noise Cancelling Headphones with Multiple Modes, Hi-Res Sound, 40H Playtime, Clear Calls, Fast Charge, Soft Earcups, Bluetooth Headphones, Travel","85.99","4.8",47,NULL
476,"USB Type C Cable, Anker [2-Pack 6Ft] Premium Nylon USB-C to USB-A Fast Charging Type C Cable, for Samsung Galaxy S10 / S9 / S8 / Note 8, LG V20 / G5 / G6 and More (Black)","12.99","4.9",14,NULL
477,"Anker USB C Charger, 735 Charger (Nano II 65W), PPS 3-Port Fast Compact Foldable Wall Charger for MacBook Pro/Air, iPad Pro, Galaxy S20/S10, Dell XPS 13, Note 20/10+, iPhone 13/Pro, Pixel, and More","39.99","4.8",32,NULL
478,"USB C Cable, Anker 2 Pack New Nylon USB C to USB C Cable (6ft 60W), PD Type C Charging Cable for MacBook Pro 2020, iPad Pro, iPad Air 4, Galaxy S20, Switch, Pixel, LG and Other USB C Charger","11.99","4.8",37,NULL
480,"Team 128GB microSDHC UHS-I/U1 Class 10 Memory Card with Adapter, Speed Up to 100MB/s (TUSDX128GCL10U03)","7.99","4.6",74,"Team Group"
481,"Team 128GB PRO+ microSDXC UHS-I/U3 Class 10 Memory Card with Adapter, compatible with Nintendo-Switch, Steam Deck, and ROG Ally, Speed Up to 160MB/s(TPPMSDX128GIA2V3003)","11.99","4.5",131,"Team Group"
482,"SanDisk 512GB Extreme microSDXC UHS-I/U3 A2 Micro SD Card with Adapter, Speed Up to 190MB/s (SDSQXAV-512G-GN6MA)","49.75","4.6",31,NULL
483,"soundcore by Anker Liberty 4 NC Wireless Noise Cancelling Earbuds, 98.5% Noise Reduction, Adaptive Noise Cancelling to Ears and Environment, Hi-Res Sound, 50H Battery, Wireless Charging, Bluetooth 5.3","99.99","4.7",20,NULL
484,"panasonic 4k ultra hd bluray player with hdr10+ and dolby vision playback, hires sound, 4k vod streaming  black dpub820","389.99",NULL,NULL,NULL
485,"Anker USB C Cable 100W 10ft, New Nylon USB C to USB C Cable 2.0, Type C Charging Cable Fast Charge for MacBook Pro 2020, iPad Pro 2020, iPad Air 4, Galaxy S20, Pixel, Switch, LG, and More(Black)","11.99","5",12,NULL
486,"Soundcore Sport X20 by Anker, True-Wireless Workout Earbuds, Rotatable and Extendable Ear Hooks, Noise Cancelling, Deep Bass, IP68 Waterproof, Sweatproof, Dustproof, 48H Play, Sport Earbuds for Gym","79.99","5",1,NULL
487,"AUKEY True Wireless Earbuds with 10mm Drivers, Hi-Fi Stereo Sound, Charging Case, Bluetooth, Touch Control, Waterproof IPX6, for iPhone Android Black EP-T21P","12.99","3.9",671,NULL
488,"NVIDIA SHIELD Android TV Pro - 4K HDR Streaming Media Player - High Performance, Dolby Vision, 3GB RAM, 2 x USB, Google Assistant Built-In, Works with Alexa (945-12897-2500-101)","197.99","4.5",202,"NVIDIA"
489,"Lenovo Tab M9, 9"" IPS  400 nits, 4GB, 64GB","159.99","4.8",4,"Lenovo"
490,"Team Group 1TB Elite microSDXC UHS-I U3, V30, A1, 4K UHD Micro SD Card with SD Adapter, Speed Up to 100MB/s (TEAUSDX1TIV30A103)","62.99","4.5",491,"Team Group"
491,"Team 32GB Dash Card  microSDHC UHS-I/U1 Class 10 Memory Card with Adapter, Compatible for cams, Speed Up to 80MB/s (TDUSDH32GUHS03)","6.99","4.6",127,"Team Group"
492,"soundcore by Anker Space Q45 Adaptive Noise Cancelling Headphones, Reduce Noise by Up to 98%, Ultra Long 50H Playtime, App Control, Hi-Res Sound with Details, Bluetooth 5.3, Ideal for Traveling","149.99","4.8",25,NULL
493,"SanDisk 128GB Ultra microSDXC A1 UHS-I/U1 Class 10 Memory Card with Adapter, Speed Up to 140MB/s (SDSQUAB-128G-GN6MA)","15.81","4.8",68,NULL
494,"SanDisk 128GB Extreme Pro SDXC UHS-I/U3 V30 Class 10 Memory Card, Speed Up to 200MB/s (SDSDXXD-128G-GN4IN)","18.99","5",9,NULL
495,"Anker 737 Power Bank 24000mAh 3-Port Portable Charger | 140W Output | Smart Digital Display | Compatible with iPhone 15/15 Plus/15 Pro/15 Pro Max, iPhone 14/13 Series, Samsung, MacBook, Dell, AirPods","109.99","4.7",39,NULL
496,"Anker Power Bank, 20,000mAh Portable Charger with Built-in USB-C Cable, 87W Max Fast Charging Battery Pack for Laptop, 2 USB-C and 1 USB-A, for MacBook, iPhone 15 Series, Samsung, Switch, and More","59.99",NULL,NULL,NULL
497,"Samsung Galaxy Tab S9 FE 10.9"" Octa-core 8GB RAM 256GB Storage WiFi -  Gray","519.99","5",1,"SAMSUNG"
498,"Wavlink SD Card Reader, USB C+USB3.0 Micro SD Memory Card Reader Adapter for TF SD Micro SD SDXC SDHC MMC RS-MMC Micro SDXC Micro SDHC UHS-I, For MacBook Air/Pro, iPad Pro, Samsung Galaxy S21, Android","13.99","4",8,"Wavlink"
499,"Soundcore by Anker Life A3i Noise Cancelling Earbuds, Deep Bass, Hybrid ANC, AI-Enhanced Calls with 4 Mics, 36H Playtime with Fast Charging, Bluetooth 5.2 Earbuds, 22 Custom EQ, Transparency Mode","49.99","4.8",35,NULL
500,"Anker Rechargeable Bolder LC90 LED Flashlight, Pocket-Sized Torch with Super Bright 900 Lumens CREE LED, IP65 Water-Resistant, Zoomable, 5 Light Modes, 18650 Battery Included","33.99","5",4,NULL
501,"Real Relax® BS02 2024 Massage Chair, Full Body Massage Zero Gravity Mode, with Foot Massage, Bluetooth, LCD, Waist Heater, Black","579.99","4.5",2,NULL
502,"PHILIPS HP6376/61 BikiniPerfect Advanced Trimmer Kit for Bikini Line, Rechargeable (3 attachments)","21.21","5",1,NULL
503,"Anker Rechargeable Bolder LC40 Flashlight, LED Torch, Super Bright 400 Lumens CREE LED, IP65 Water Resistant, 5 Modes High/Medium/Low/Strobe/SOS, Indoor/Outdoor (Camping, Hiking and Emergency Use)","29.99","4.6",16,NULL
504,"Philips Sonicare 4100 Power Toothbrush, Rechargeable Electric Toothbrush with Pressure Sensor, Black (HX3681/24)","49.96","5",1,NULL
505,"Real Relax® 2024 Massage Chair, 2024 Full Body Zero Gravity Massage Recliner, with Auto Modes, Waist Heating, LCD, Bluetooth, Foot Massage, BS04 Black","579.99",NULL,NULL,NULL
506,"Real Relax® 2024 Favor-03 ADV Massage Chair of Dual-core S Track, Recliner of Full Body Massage Zero Gravity, Blue","709.99","4.8",323,NULL
507,"Real Relax® 2024 Massage Chair SS01 Full Body Electric Zero Gravity Shiatsu Massage Chair with Back Heating and Foot Roller for Home and Office, Khaki","529.99","4.7",69,NULL
508,"Expigment Hydroquinone 4% Cream For Skin Bleaching Skin Lightening Skin Melasma Treatment 30g/1oz","19.95",NULL,NULL,NULL
509,"10 Tubes YIGANERJING Chinese Herbal Cream Skin Psoriasis Cream Dermatitis Eczematoid Eczema Ointment With Mini Soap","34.98",NULL,NULL,NULL
510,"Philips Avent Glass Natural Bottle Baby Set, SCD858/01","59.95",NULL,NULL,NULL
511,"Maglula UpLULA Magazine Speed Loader 9mm to 45acp Mag UP60B","34.95","5",3,NULL
512,"Real Relax® 2024 Massage Chair Full Body, Zero Gravity Massage Chair with 6 Auto Modes, Fixed-Point Massage Rollers, LCD, Bluetooth, BS05 Brown","579.99",NULL,NULL,NULL
513,"Real Relax Health Care MM350 Massage Chair Recliner with Zero Gravity, Full Body Air Pressure, Heating, Bluetooth, Foot Roller, Neck Shoulder Back Calf and Foot Massager for Home and Office","529.99","4.7",55,NULL
514,"Philips Sonicare 4100 Power Toothbrush, Rechargeable Electric Toothbrush with Pressure Sensor, Deep Pink (HX3681/26)","49.96","5",1,NULL
515,"Philips Sonicare 4100 Power Toothbrush, Rechargeable Electric Toothbrush with Pressure Sensor, White (HX3681/23)","49.96","5",1,NULL
516,"20 tubes ZUDAIFU YIGANERJING Skin Psoriasis Cream Dermatitis Eczematoid Eczema Ointment","56.99",NULL,NULL,NULL
517,"Aromase AROMASE Scalp Purifying Liquid Shampoo 80ml","4.99",NULL,NULL,NULL
518,"SAMSUNG Galaxy Watch 7 40mm Bluetooth AI Smartwatch w/Energy Score, Wellness Tips, Heart Rate Tracking, Sleep Monitor, Fitness Tracker, 2024, Green","219.0",NULL,NULL,"SAMSUNG"
519,"ZZRST Reuzel Holands Finest Heavy Hold Clay Matte Pomade White Tin 4 Ounce","14.49",NULL,NULL,NULL
520,"Breo EM005 Temple and Eye Massager with Heat Best Eye Massager for Migraines Headaches Dry Eyes Rechargeable Portable Eye Massager for Relaxation Sleep with Music","149.98","4.6",8,NULL
521,"AOSTIRMOTOR Electric Bike Folding A20 500W for Adults , 20"" * 4"" Fat Tire, with 36V 13AH Removable Lithium Battery, Travel Up to 20 Miles, Max Speed Up to 25 MPH(Black)","529.0","4.7",58,NULL
522,"Fitbit Versa Smart Watch Black and Black Aluminium One Size S & L Bands Included","75.87",NULL,NULL,NULL
523,"Refurbished Apple Watch Series 3 42mm GPS - Space Gray Aluminum Case - Black Sport Band (2017) - Good Condition","94.97",NULL,NULL,NULL
524,"EKX T1 1000W Electric Bike, 20"" Fat Tire, 48V 20AH Removable Lithium Battery, Max Speed 31MPH, Shimano 7-Speed, Front Fork Suspension,Sonw spoked wheel","629.0","4",1,NULL
525,"AROMASE Volumizing Shampoo Kit (Scalp Purifying Liquid Shampoo 260ml + Anti-hair Loss Shampoo 400ml)","35.51",NULL,NULL,NULL
526,"CORN Mini Massage Gun, Handheld Muscle Deep Tissue Massager Percussion Type-C Charging with 6 Speeds & 4 Masage Heads for Back, Body, Sport Muscle Pain Relief Recovery","35.99","4.8",4,NULL
527,"Philips Norelco Multi Groomer - 13 piece Mens Grooming Kit for beard, face, nose, and ear hair trimmer and hair clipper - NO BLADE OIL NEEDED, MG3740/40","19.96",NULL,NULL,NULL
528,"Breo Scalp3 Scalp Massager Comb Anti Hair Loss Scalp Massaging brush Hair Growth Care Scalp Hair Therapy Scalp Reduction Redlight Infrared Therapy Head Massager Grey","179.98","5",5,NULL
529,"Breo Lucky 7 Deep Tissue Massage Gun with Heat Massage Gun For Back Pain Neck and Shoulders For Athletes Runners Muscle Recovery Relaxation Small but Powerful","84.77","5",6,NULL
530,"Hyaluronic Acid Pen Wrinkles Removal  Water Atomizer Skin Care Beauty Tool Home","40.37",NULL,NULL,NULL
531,"NIKON Monarch M7 10x42","410.49",NULL,NULL,NULL
532,"Philips Sonicare HX7022/64 E-Series Standard Brush Heads, 2 count","26.95",NULL,NULL,NULL
533,"Aromase AROMASE Anti-hair Loss Essential Shampoo 90ml","4.99",NULL,NULL,NULL
534,"BaByliss Pro GOLDFX+ All-Metal Lithium Outlining Trimmer Gold #FX787NG","105.99",NULL,NULL,NULL
535,"AOACE Gaming PC Desktop INTEL Core i5 12400F 2.5 GHz, NVIDIA RTX 4060 8G DLSS 3, 32GB DDR4 RAM 3200MHz,1TB NVMe PCIe4.0,  Wi-Fi6E, Game Design Office console,Sea View Room,Windows 11 Home 64-bit","849.99","4.2",180,NULL
536,"MSI - 15.6"" GeForce RTX 4060 Laptop GPU - AMD Ryzen 9 8945HS - 16GB Memory - 1 TB PCIe SSD - Windows 11 Home 64-bit Gaming Laptop - 144 Hz IPS (Thin A15 B8VF-270US )","1029.99","4",79,"MSI"
537,"ABS Cyclone Aqua Gaming PC Powered by Asus - Windows 11 - Intel i5 13400F - GeForce RTX 4060 8GB - DLSS 3 - AI-Powered Performance - 32GB DDR4 3200MHz - 1TB M.2 NVMe SSD - CA13400F40602","899.99","4.5",308,"ABS"
538,"MSI Aegis Z Gaming Desktop PC, AMD Ryzen 7 7700, RTX 4060, 32GB DDR5, 2TB NVMe SSD, Windows 11 Home 64-bit, Aegis Z2 C7NUC-1207US","1199.0","4.3",99,"MSI"
539,"YAWYORE Gaming PC Desktop computer AMD Ryzen 5 5600GT,16GB DDR4 3200MHz,1TB M.2 NVMe PCle4.0 Gen4,550W 80PLUS PSU,WiFi,Game Design Office console,Sea View Room,Windows 11 Tower Prebuilt PC","419.99","4.2",20,NULL
540,"AVGPC Max Gaming PC, AMD Ryzen 5 5600G 6-Core 4.4 GHz Max Boost, AMD Radeon Vega 7 (GPU upgrade ready up to RTX 4070), 16GB 3200MHz DDR4, 1TB M.2 NVMe SSD, Hyper 212 RGB Cooler, Windows 11, Wi-Fi/AC","529.99","4.5",104,"AVGPC"
541,"ABS Cyclone Aqua Gaming PC - Windows 11 - Intel Core i5-14400F - GeForce RTX 4060 - DLSS 3 - AI-Powered Performance - 32GB DDR5 6000MHz - 1TB M.2 NVMe SSD - CA14400F40603","929.99","4.2",40,"ABS"
542,"MSI Cyborg - 15.6"" GeForce RTX 4050 Laptop GPU - Intel Core i7-13620H - 16GB Memory - 512 GB SSD - Windows 11 Home Gaming Laptops - 144 Hz IPS (A13VE-218US )","969.0","4.7",20,"MSI"
543,"IPASON - Gaming desktop - AMD Ryzen 5 5600G 6 core 3.9GHz - 16GB DDR4 3200MHz - 1TB M.2 NVMe - 550W PSU - Windows 11 home - WIFI - Gaming PC","429.0","4.3",531,"IPASON"
544,"Hoengager Gaming PC -AMD Ryzen 7 5700X 3.4 GHz-RTX 4060 8GB-32GB DDR4 RAM-1TB M.2 SSD-240 Liquid Cooler -WIFI &Bluetooth -RGB Fans-Windows 11 Pro Desktop Computer-White","1059.99","4.7",50,"Hoengager"
545,"MSI - 16"" GeForce RTX 4070 Laptop GPU - Intel Core Ultra 9 185H - 32GB Memory - 1 TB PCIe SSD - Windows 11 Home 64-bit Gaming Laptop - 240 Hz (Pulse 16 AI C1VGKG-077 )","1899.99","4.4",75,"MSI"
546,"MSI Aegis SE Gaming PC, Intel Core i5-13400F, GeForce RTX 3050, 16GB DDR5, 500 GB M.2 SSD, Windows 11 Home, Aegis SE 13TA-893US","749.0","4.3",99,"MSI"
547,"HZG Gaming Desktop Computer PC,Intel Core I5-13400F,GeForce RTX 4060, 32GB RAM and 1TB NVMe M.2 SSD, WiFi6E, ARGB Fan, Prebuilt Gaming PC Tower Intel Core i5-13400F","849.0","4.6",16,NULL
548,"ABS Cyclone Aqua Gaming PC - Windows 11 - Intel Core i7-13700F - GeForce RTX 4060 Ti - DLSS3 - AI-Powered Performance - 32GB DDR4 3200MHz- 1TB M.2 NVMe SSD - CA13700F4060TI2","1149.99","3.9",140,"ABS"
549,"Refurbished Dell Latitude 7420  Laptop Intel Core i7 11th Gen 1185G7 3.00GHz 32GB Memory 256 GB SSD Intel Iris Xe Graphics 14.0"" FHD Touchscreen Webcam Windows 11 Pro","389.99","4.4",16,NULL
550,"ASUS ROG Strix - 16"" GeForce RTX 4050 Laptop GPU - Intel Core i7-13650HX - 16GB Memory - 512 GB SSD - Windows 11 Home 64-bit Gaming Laptop - 165 Hz (G614JU-NS73 )","1299.99","3.7",6,"ASUS"
551,"MSI Aegis Z2 Gaming Desktop PC, AMD Ryzen 7 8700F, GeForce RTX 4070, 32GB DDR5, 1 TB SSD, Windows 11 Home, Aegis Z2 A8NUE-1045US","1549.0","4.3",99,"MSI"
552,"IPASON  gaming desktop  AMD Ryzen 5 5600GT (6 core up to 4.6GHz)   AMD Radeon Vega 7  16GB DDR4 3200MHz   1TB M.2 NVMe   550W PSU   Windows 11 home   WIFI   Gaming PC","439.0","4",131,"IPASON"
553,"Acer Nitro V - 15.6"" GeForce RTX 4050 Laptop GPU - Intel Core i7-13620H - 16GB Memory - 1 TB PCIe SSD - Windows 11 Home 64-bit Gaming Laptop - 144 Hz IPS (ANV15-51-75HE )","979.99","4.2",37,"Acer America"
554,"Acer Nitro 60 Gaming Desktop PC, Intel Core i7-14700F, GeForce RTX 4060, 32GB DDR5, 2TB PCIe Gen 4 SSD, Windows 11 Home, N60-640-UR13","1249.99","4.3",64,"Acer America"
555,"Samsung Galaxy Tab A9+ Tablet - 11"" WUXGA - Octa-core - 8 GB RAM - 128 GB Storage - Graphite - Qualcomm","249.62","4.8",4,"SAMSUNG"
556,"Refurbished HP 840 G6 EliteBook Laptop Intel Core i5 -8365U (1.60GHz) 16GB Memory 256 GB SSD Intel UHD Graphics 14.0"" Windows 11 Pro 64-bit","294.99","3.7",35,"HP"
557,"Yeyian Yumi Gaming Desktop PC, AMD Ryzen 7 5700X, NVIDIA GeForce RTX 4060 - AI Accelerated, 32GB DDR4, 1TB PCIe SSD, 650W PSU, Windows 11 Home 64-bit, YPA-YU570XC-4601N","899.99","4.1",325,"YEYIAN"
558,"ASUS TUF Gaming - 17.3"" GeForce RTX 4070 Laptop GPU - Intel Core i7-13620H - 16GB Memory - 1 TB PCIe SSD - Windows 11 Home 64-bit Gaming Laptop - 240 Hz (FX707VI-NS74 )","1699.99","3.9",21,"ASUS"
559,"VTG Gaming PC  Ryzen7 5700X , NVIDIA RTX4060 , 32GB DDR4 ,  1TB SSD NVMe ,  240 Liquid Cooler ,650W  PSU,  Wi-Fi, Windows 11 Home 64-bit, prebuilt gaming desktop","899.0","4.2",80,NULL
560,"ASUS Vivobook Go 15.6"" Laptop Ryzen 5 7520U 16GB RAM 512 GB SSD Windows 11 Home E1504FA-NS54","599.99","4.5",22,"ASUS"
561,"VTG Gaming Desktop PC , Ryzen7 5700X, NVIDIA RTX4060Ti , 32GB DDR4 1TB SSD NVMe ,  650W PSU, Wi-Fi, 240 Liquid Cooler , ARGB Fans , Windows 11 Home 64-bit , gaming pc","1049.0","4",13,NULL
562,"MSI Codex R2 Gaming Desktop PC, Intel Core i5 13400F, RTX 4060, 16GB DDR5, 1TB SSD, Windows 11 Home 64-bit, Codex R2C C13NUC5-287US","999.0","4.5",153,"MSI"
563,"Auusda 15.6"" Gaming Laptop AMD Ryzen 7 5825U 2.0-4.5GHz, 32GB DDR4 RAM, 1TB NVME SSD, Windows 11 Pro Laptop Computer, Dual Channel SODIMM*2, Slot*2, Backlit, Fingerprint, Webcam Switch, Gray","549.98","4",39,"Auusda"
564,"Wavlink Triple Display USB C Docking Station With DP & HDMI &VGA, 85W PC Charging, USB 3.0 & 2.0 Ports, SD TF Card Reader, Gigabit Ethernet, Audio For Dell XPS 13/15,Lenovo Yoga,MacBook Pro, etc","39.99","4.3",207,"Wavlink"
565,"MSI Codex R2C Gaming Desktop PC, Intel Core i7 14700F, RTX 4060, 32GB DDR5, 2TB NVMe SSD, Windows 11 Home 64-bit, Codex R2C B14NUC7-284US","1299.0","4.5",153,"MSI"
566,"MSI Codex R2 Gaming PC, Intel Core i5-13400F, GeForce RTX 4060, 16GB DDR5, 1 TB SSD, Windows 11 Home, Codex R2 C13NUC5-266US","999.0","4.5",153,"MSI"
567,"Refurbished Dell Latitude 7420 Laptop Intel Core i7-1185G7 1.80 GHz 32 GB RAM 512 GB SSD 14"" FHD Touchscreen Windows 11 Pro","369.99","5",4,NULL
568,"Acer Aspire 15 15.6"" Laptop Ryzen 5 8640HS 8GB RAM 512 GB PCIe SSD Windows 11 Home A15-41M-R8Y2","399.99","4.5",2,"Acer America"
569,"AVGPC Whirlwind Gaming PC AMD Ryzen 7 9700X Zen5, Radeon RX 9070 XT, 32GB 6000MHz DDR5, 1TB NVME M.2 SSD, 360MM AIO Liquid Cooling, WiFi/AC, Tempered Glass Case White, Windows 11 Home Black","1899.99","4.5",22,"AVGPC"
570,"Acer Swift Go 16 16.0"" Touchscreen Laptop Ultra 7 155H 16GB RAM 1 TB PCIe SSD Windows 11 Home SFG16-72T-71UL","749.99","5",1,"Acer America"
571,"Synology 2-bay DiskStation DS224+ (Diskless)","304.99","4.8",193,NULL
572,"Synology 4-Bay NAS DiskStation DS923+","599.99","4.8",193,NULL
573,"Synology 4-bay DiskStation DS423+ (Diskless)","508.99","4.8",193,NULL
574,"CyberPower CP1500PFCLCD PFC Sinewave UPS Systems - 1500VA/1000W, 120 VAC, NEMA 5-15P, Mini-Tower, Sine Wave, 12 Outlets, LCD, PowerPanel","219.95","4.4",731,NULL
575,"Synology DS1522+ Diskless System Network Storage","705.99","4.8",193,NULL
576,"NETGEAR 8 Port Gigabit Ethernet Switch Unmanaged | GS308","17.99","4.7",103,"Netgear Inc."
577,"TP-Link 5 Port Gigabit Ethernet Network Switch - Ethernet Splitter | Plug & Play | Fanless | Sturdy Metal w/ Shielded Ports | Traffic Optimization | Unmanaged | Limited Lifetime Protection(TL-SG105)","13.95","4.7",1074,"TP-Link"
578,"Synology 8 bay NAS DiskStation DS1821+ (Diskless)","999.99","4.7",148,NULL
579,"Anker Power Strip Surge Protector (2100J), 12 Outlets with 2 USB A and 1 USB C Port for Multiple Devices, 5ft Extension Cord, 20W Power Delivery Charging for Home, Office, Dorm Essential, TUV Listed","29.99","4.9",7,NULL
580,"PNY RTX 4000 Ada VCNRTX4000ADA-PB 20GB 20GB 160-bit GDDR6 PCI Express 4.0 x16 Workstation Video Card","1551.11","5",2,NULL
581,"NETGEAR 5-Port Gigabit Ethernet SOHO Plus Switch | GS305E","22.99","4.7",126,"Netgear Inc."
582,"TP-Link 8 Port Gigabit Ethernet Network Switch | Ethernet Splitter | Sturdy Metal w/ Shielded Ports | Plug-and-Play | Traffic Optimization | Unmanaged (TL-SG108)","17.99","4.7",1074,"TP-Link"
583,"TerraMaster F4-210 4-Bay NAS 1GB RAM Quad Core Network Attached Storage Media Server Personal Private Cloud (Diskless)","209.99","3.5",34,"Terra Master"
584,"Synology 2-bay DiskStation DS223j (Diskless)","199.99","4.6",11,NULL
585,"AsRock Rack B650D4U Micro-ATX Server Motherboard Single Socket AMD EPYC™ 4004 and AMD Ryzen™ 9000/8000/7000 series Processors (LGA 1718) B650E PCIe 5.0 Dual 1G Lan","299.0","3.6",7,"ASRock Rack"
586,"Supermicro H13SAE-MF Motherboard Micro-ATX AMD EPYC™ 4004 series, Ryzen™ 9000 & 8700G* & 7000 Series single socket LGA-1718.","479.0","4",4,"Supermicro"
587,"Tripp Lite Protect It! TLP1208SAT 12 Outlets Surge Suppressor","56.99","4.8",131,NULL
588,"Synology 2-bay DiskStation DS223 (Diskless) - OEM","258.99","4.9",12,NULL
589,"CyberPower CP1500AVRLCD3 Intelligent LCD UPS Systems - 1500VA/900W, 120 VAC, NEMA 5-15P, Mini-Tower, 12 Outlets, LCD","189.95","4.8",16,NULL
590,"Synology E10G22-T1-Mini 10GbE Network Upgrade Module","111.99","4.6",16,NULL
591,"Synology DiskStation DS723+ (2Bay/AMD/2GB) NAS Network Storage Server","458.99","4.8",193,NULL
592,"APC Back-UPS Pro BX1500M, 1500VA, Tower, 120V, 10 NEMA 5-15R outlets, AVR, LCD","184.99","4.5",259,NULL
593,"TERRAMASTER F4-423 4-Bay High Performance NAS for SMB with N5095 Quad-core CPU, 4GB DDR4 Memory, 2.5GbE Port x 2, Network Storage Server (Diskless)","390.99","4.5",27,"Terra Master"
594,"Rosewill 4U Server Chassis Rackmount Case | 15 3.5"" HDD Bays | E-ATX Compatible | 6 Front 120mm Fans, 2 Rear 80mm Fans | 2x USB 3.0 | Front Panel Lock and Key | Silver/Black - RSV-L4500U","249.99","4.1",514,"Rosewill"
595,"NETGEAR 5-Port Gigabit Ethernet SOHO Unmanaged Switch | GS305","13.99","4.7",126,"Netgear Inc."
596,"Flat Plug Power Strip 300J, Anker USB C Power Strip, 10-in-1 Ultra Thin Power Strip with 6 AC, 2 USB A and 2 USB C Ports,5ft Extension Cord, Desk Charging Station,Home Office College Dorm Room White","29.99","5",1,NULL
597,"Supermicro Server Motherboard MBD-H13SSL-NT, Socket SP5 AMD 4th Gen  EPYC™ 9004/9005, Up to 3TB 3DS ECC RDIMM DDR5, ATX. Support of ""EPYC 5th Gen 9005 Series""","744.99","5",2,"Supermicro"
598,"Crucial 32GB (2 x 16GB) ECC Registered DDR3 1600 (PC3 12800) Server Memory Model CT2K16G3ERSLD4160B","26.99","4",5,"Crucial"
599,"TP-Link Litewave 5 Port Gigabit Ethernet Switch | Desktop Ethernet Splitter | Plastic Case | Unshielded Network Switch | Plug & Play | Fanless Quiet | Unmanaged (LS1005G)","9.99","4.7",1074,"TP-Link"
600,"AMD EPYC 4004 (4th Gen) 4464P Dodeca-core (12 Core) 3.70 GHz Processor - 64 MB L3 Cache - 64-bit Processing - 5.40 GHz Overclocking Speed - S Server / Workstation Processor 100-100001478WOF","464.39","5",1,"AMD"
601,"Synology 5 Bay Expansion Unit DX517 (Diskless)","479.99","4.9",40,NULL
602,"CyberPower ST425 Standby UPS Systems - 425VA/260W, 120 VAC, NEMA 5-15P, Compact, 8 Outlets","53.95","4.5",39,NULL
603,"ASRock Rack TPM-SPI TPM 2.0 Module","24.99","5",5,"ASRock Rack"
604,"APC BE425M Back-UPS 425 VA 255 Watts 6 Outlets Uninterruptible Power Supply (UPS)","71.99","4.4",559,NULL
605,"PNY RTX A2000 VCNRTXA200012GB-PB 12GB 192-bit GDDR6 with ECC PCI Express 4.0 x16 Low Profile Workstation Video Card","586.13","4.8",5,NULL
606,"Asrock Rack ROMED8-2T Server Motherboard AMD EPYC 7003 (with AMD 3D V-Cache Technology)/7002 series processors SP3 (LGA 4094) Dual 10GbE","789.0","3.9",18,"ASRock Rack"
